id,name,category,icd_code,description,severity
DIS_00001,Hypertension,Cardiovascular,I01,A cardiovascular condition.,mild
DIS_00002,Coronary Artery Disease,Cardiovascular,I02,A cardiovascular condition.,mild
DIS_00003,Heart Failure,Cardiovascular,I03,A cardiovascular condition.,severe
DIS_00004,Atrial Fibrillation,Cardiovascular,I04,A cardiovascular condition.,moderate
DIS_00005,Ventricular Tachycardia,Cardiovascular,I05,A cardiovascular condition.,moderate
DIS_00006,Bradycardia,Cardiovascular,I06,A cardiovascular condition.,moderate
DIS_00007,Cardiomyopathy,Cardiovascular,I07,A cardiovascular condition.,mild
DIS_00008,Pericarditis,Cardiovascular,I08,A cardiovascular condition.,mild
DIS_00009,Aortic Stenosis,Cardiovascular,I09,A cardiovascular condition.,life-threatening
DIS_00010,Mitral Regurgitation,Cardiovascular,I10,A cardiovascular condition.,mild
DIS_00011,Pulmonary Embolism,Cardiovascular,I11,A cardiovascular condition.,mild
DIS_00012,Deep Vein Thrombosis,Cardiovascular,I12,A cardiovascular condition.,mild
DIS_00013,Peripheral Artery Disease,Cardiovascular,I13,A cardiovascular condition.,moderate
DIS_00014,Aortic Aneurysm,Cardiovascular,I14,A cardiovascular condition.,moderate
DIS_00015,Pulmonary Hypertension,Cardiovascular,I15,A cardiovascular condition.,mild
DIS_00016,Late-onset Aortic Stenosis,Cardiovascular,I16,A cardiovascular condition.,life-threatening
DIS_00017,Acute Hypertension,Cardiovascular,I17,A cardiovascular condition.,mild
DIS_00018,Chronic Hypertension with cardiomyopathy,Cardiovascular,I18,A cardiovascular condition.,moderate
DIS_00019,Familial Bradycardia,Cardiovascular,I19,A cardiovascular condition.,severe
DIS_00020,Early-onset Hypertension,Cardiovascular,I20,A cardiovascular condition.,life-threatening
DIS_00021,Late-onset Coronary Artery Disease,Cardiovascular,I21,A cardiovascular condition.,severe
DIS_00022,Early-onset Deep Vein Thrombosis with cardiomyopathy,Cardiovascular,I22,A cardiovascular condition.,mild
DIS_00023,Primary Aortic Aneurysm with neuropathy,Cardiovascular,I23,A cardiovascular condition.,moderate
DIS_00024,Secondary Aortic Aneurysm,Cardiovascular,I24,A cardiovascular condition.,severe
DIS_00025,Chronic Hypertension,Cardiovascular,I25,A cardiovascular condition.,severe
DIS_00026,Secondary Atrial Fibrillation refractory,Cardiovascular,I26,A cardiovascular condition.,moderate
DIS_00027,Sporadic Pulmonary Embolism,Cardiovascular,I27,A cardiovascular condition.,moderate
DIS_00028,Familial Hypertension with complications,Cardiovascular,I28,A cardiovascular condition.,mild
DIS_00029,Familial Hypertension,Cardiovascular,I29,A cardiovascular condition.,severe
DIS_00030,Acute Pulmonary Embolism with renal involvement,Cardiovascular,I30,A cardiovascular condition.,life-threatening
DIS_00031,Late-onset Cardiomyopathy with renal involvement,Cardiovascular,I31,A cardiovascular condition.,severe
DIS_00032,Acute Coronary Artery Disease refractory,Cardiovascular,I32,A cardiovascular condition.,mild
DIS_00033,Secondary Hypertension,Cardiovascular,I33,A cardiovascular condition.,life-threatening
DIS_00034,Early-onset Pericarditis,Cardiovascular,I34,A cardiovascular condition.,severe
DIS_00035,Late-onset Coronary Artery Disease with complications,Cardiovascular,I35,A cardiovascular condition.,severe
DIS_00036,Familial Pericarditis,Cardiovascular,I36,A cardiovascular condition.,mild
DIS_00037,Idiopathic Coronary Artery Disease refractory,Cardiovascular,I37,A cardiovascular condition.,severe
DIS_00038,Late-onset Heart Failure refractory,Cardiovascular,I38,A cardiovascular condition.,mild
DIS_00039,Familial Hypertension with neuropathy,Cardiovascular,I39,A cardiovascular condition.,moderate
DIS_00040,Early-onset Aortic Aneurysm in remission,Cardiovascular,I40,A cardiovascular condition.,mild
DIS_00041,Late-onset Aortic Stenosis refractory,Cardiovascular,I41,A cardiovascular condition.,moderate
DIS_00042,Idiopathic Pulmonary Hypertension with renal involvement,Cardiovascular,I42,A cardiovascular condition.,moderate
DIS_00043,Idiopathic Bradycardia,Cardiovascular,I43,A cardiovascular condition.,life-threatening
DIS_00044,Late-onset Hypertension,Cardiovascular,I44,A cardiovascular condition.,mild
DIS_00045,Familial Mitral Regurgitation,Cardiovascular,I45,A cardiovascular condition.,moderate
DIS_00046,Primary Atrial Fibrillation,Cardiovascular,I46,A cardiovascular condition.,mild
DIS_00047,Primary Ventricular Tachycardia in remission,Cardiovascular,I47,A cardiovascular condition.,life-threatening
DIS_00048,Acute Hypertension with hepatic involvement,Cardiovascular,I48,A cardiovascular condition.,life-threatening
DIS_00049,Hereditary Hypertension,Cardiovascular,I49,A cardiovascular condition.,life-threatening
DIS_00050,Familial Deep Vein Thrombosis,Cardiovascular,I50,A cardiovascular condition.,mild
DIS_00051,Secondary Peripheral Artery Disease,Cardiovascular,I51,A cardiovascular condition.,mild
DIS_00052,Acute Heart Failure,Cardiovascular,I52,A cardiovascular condition.,life-threatening
DIS_00053,Secondary Aortic Stenosis,Cardiovascular,I53,A cardiovascular condition.,mild
DIS_00054,Primary Pulmonary Hypertension with complications,Cardiovascular,I54,A cardiovascular condition.,moderate
DIS_00055,Chronic Aortic Aneurysm,Cardiovascular,I55,A cardiovascular condition.,life-threatening
DIS_00056,Primary Hypertension,Cardiovascular,I56,A cardiovascular condition.,life-threatening
DIS_00057,Idiopathic Hypertension with hepatic involvement,Cardiovascular,I57,A cardiovascular condition.,life-threatening
DIS_00058,Primary Hypertension with complications,Cardiovascular,I58,A cardiovascular condition.,mild
DIS_00059,Early-onset Aortic Stenosis,Cardiovascular,I59,A cardiovascular condition.,moderate
DIS_00060,Primary Coronary Artery Disease in remission,Cardiovascular,I60,A cardiovascular condition.,mild
DIS_00061,Acute Mitral Regurgitation,Cardiovascular,I61,A cardiovascular condition.,moderate
DIS_00062,Early-onset Mitral Regurgitation in remission,Cardiovascular,I62,A cardiovascular condition.,severe
DIS_00063,Idiopathic Atrial Fibrillation,Cardiovascular,I63,A cardiovascular condition.,severe
DIS_00064,Hereditary Pericarditis,Cardiovascular,I64,A cardiovascular condition.,severe
DIS_00065,Secondary Mitral Regurgitation,Cardiovascular,I65,A cardiovascular condition.,mild
DIS_00066,Secondary Hypertension with neuropathy,Cardiovascular,I66,A cardiovascular condition.,severe
DIS_00067,Secondary Hypertension with cardiomyopathy,Cardiovascular,I67,A cardiovascular condition.,life-threatening
DIS_00068,Late-onset Aortic Stenosis with complications,Cardiovascular,I68,A cardiovascular condition.,severe
DIS_00069,Secondary Hypertension refractory,Cardiovascular,I69,A cardiovascular condition.,mild
DIS_00070,Acute Aortic Aneurysm recurrent,Cardiovascular,I70,A cardiovascular condition.,severe
DIS_00071,Asthma,Respiratory,J71,A respiratory condition.,life-threatening
DIS_00072,COPD,Respiratory,J72,A respiratory condition.,severe
DIS_00073,Pneumonia,Respiratory,J73,A respiratory condition.,mild
DIS_00074,Bronchitis,Respiratory,J74,A respiratory condition.,mild
DIS_00075,Pulmonary Fibrosis,Respiratory,J75,A respiratory condition.,life-threatening
DIS_00076,Sarcoidosis,Respiratory,J76,A respiratory condition.,severe
DIS_00077,Tuberculosis,Respiratory,J77,A respiratory condition.,mild
DIS_00078,Lung Cancer,Respiratory,J78,A respiratory condition.,mild
DIS_00079,Mesothelioma,Respiratory,J79,A respiratory condition.,severe
DIS_00080,Pleurisy,Respiratory,J80,A respiratory condition.,moderate
DIS_00081,Pneumothorax,Respiratory,J81,A respiratory condition.,severe
DIS_00082,ARDS,Respiratory,J82,A respiratory condition.,moderate
DIS_00083,Sleep Apnea,Respiratory,J83,A respiratory condition.,life-threatening
DIS_00084,Cystic Fibrosis,Respiratory,J84,A respiratory condition.,life-threatening
DIS_00085,Bronchiectasis,Respiratory,J85,A respiratory condition.,mild
DIS_00086,Secondary Bronchiectasis,Respiratory,J86,A respiratory condition.,moderate
DIS_00087,Late-onset Mesothelioma,Respiratory,J87,A respiratory condition.,moderate
DIS_00088,Hereditary Bronchiectasis,Respiratory,J88,A respiratory condition.,mild
DIS_00089,Familial Asthma,Respiratory,J89,A respiratory condition.,mild
DIS_00090,Familial ARDS with renal involvement,Respiratory,J90,A respiratory condition.,moderate
DIS_00091,Acute Asthma refractory,Respiratory,J91,A respiratory condition.,moderate
DIS_00092,Familial Cystic Fibrosis with renal involvement,Respiratory,J92,A respiratory condition.,moderate
DIS_00093,Idiopathic Tuberculosis,Respiratory,J93,A respiratory condition.,mild
DIS_00094,Sporadic Lung Cancer,Respiratory,J94,A respiratory condition.,severe
DIS_00095,Idiopathic Asthma recurrent,Respiratory,J95,A respiratory condition.,moderate
DIS_00096,Hereditary Sleep Apnea,Respiratory,J96,A respiratory condition.,severe
DIS_00097,Late-onset Asthma,Respiratory,J97,A respiratory condition.,severe
DIS_00098,Chronic Asthma with neuropathy,Respiratory,J98,A respiratory condition.,life-threatening
DIS_00099,Familial Mesothelioma with cardiomyopathy,Respiratory,J99,A respiratory condition.,mild
DIS_00100,Hereditary Asthma recurrent,Respiratory,J00,A respiratory condition.,life-threatening
DIS_00101,Primary COPD recurrent,Respiratory,J01,A respiratory condition.,severe
DIS_00102,Early-onset ARDS,Respiratory,J02,A respiratory condition.,severe
DIS_00103,Late-onset Tuberculosis,Respiratory,J03,A respiratory condition.,severe
DIS_00104,Chronic Cystic Fibrosis with neuropathy,Respiratory,J04,A respiratory condition.,mild
DIS_00105,Idiopathic Pleurisy,Respiratory,J05,A respiratory condition.,severe
DIS_00106,Sporadic Mesothelioma,Respiratory,J06,A respiratory condition.,life-threatening
DIS_00107,Chronic Pneumothorax with neuropathy,Respiratory,J07,A respiratory condition.,severe
DIS_00108,Secondary Bronchitis recurrent,Respiratory,J08,A respiratory condition.,moderate
DIS_00109,Chronic Asthma,Respiratory,J09,A respiratory condition.,life-threatening
DIS_00110,Early-onset Bronchiectasis in remission,Respiratory,J10,A respiratory condition.,moderate
DIS_00111,Hereditary Asthma,Respiratory,J11,A respiratory condition.,mild
DIS_00112,Secondary Asthma recurrent,Respiratory,J12,A respiratory condition.,life-threatening
DIS_00113,Primary Sleep Apnea in remission,Respiratory,J13,A respiratory condition.,life-threatening
DIS_00114,Late-onset Bronchiectasis with cardiomyopathy,Respiratory,J14,A respiratory condition.,life-threatening
DIS_00115,Early-onset Mesothelioma with renal involvement,Respiratory,J15,A respiratory condition.,life-threatening
DIS_00116,Chronic Sleep Apnea with hepatic involvement,Respiratory,J16,A respiratory condition.,moderate
DIS_00117,Idiopathic Pulmonary Fibrosis with hepatic involvement,Respiratory,J17,A respiratory condition.,life-threatening
DIS_00118,Familial Asthma in remission,Respiratory,J18,A respiratory condition.,moderate
DIS_00119,Acute Pleurisy with renal involvement,Respiratory,J19,A respiratory condition.,mild
DIS_00120,Early-onset Asthma,Respiratory,J20,A respiratory condition.,severe
DIS_00121,Idiopathic ARDS with renal involvement,Respiratory,J21,A respiratory condition.,moderate
DIS_00122,Sporadic Asthma,Respiratory,J22,A respiratory condition.,life-threatening
DIS_00123,Sporadic Pleurisy with complications,Respiratory,J23,A respiratory condition.,mild
DIS_00124,Secondary Pneumonia refractory,Respiratory,J24,A respiratory condition.,mild
DIS_00125,Idiopathic Asthma,Respiratory,J25,A respiratory condition.,severe
DIS_00126,Familial Asthma with renal involvement,Respiratory,J26,A respiratory condition.,life-threatening
DIS_00127,Idiopathic Asthma with hepatic involvement,Respiratory,J27,A respiratory condition.,mild
DIS_00128,Primary Asthma recurrent,Respiratory,J28,A respiratory condition.,mild
DIS_00129,Secondary Pulmonary Fibrosis recurrent,Respiratory,J29,A respiratory condition.,severe
DIS_00130,Chronic Pneumonia in remission,Respiratory,J30,A respiratory condition.,severe
DIS_00131,Secondary Bronchiectasis with neuropathy,Respiratory,J31,A respiratory condition.,life-threatening
DIS_00132,Acute Cystic Fibrosis,Respiratory,J32,A respiratory condition.,mild
DIS_00133,Early-onset Pneumothorax with cardiomyopathy,Respiratory,J33,A respiratory condition.,severe
DIS_00134,Secondary Asthma with cardiomyopathy,Respiratory,J34,A respiratory condition.,life-threatening
DIS_00135,Sporadic Pneumothorax,Respiratory,J35,A respiratory condition.,life-threatening
DIS_00136,Chronic Pneumothorax,Respiratory,J36,A respiratory condition.,severe
DIS_00137,Epilepsy,Neurological,G37,A neurological condition.,life-threatening
DIS_00138,Parkinson's Disease,Neurological,G38,A neurological condition.,life-threatening
DIS_00139,Alzheimer's Disease,Neurological,G39,A neurological condition.,life-threatening
DIS_00140,Multiple Sclerosis,Neurological,G40,A neurological condition.,severe
DIS_00141,Migraine,Neurological,G41,A neurological condition.,severe
DIS_00142,Stroke,Neurological,G42,A neurological condition.,moderate
DIS_00143,Meningitis,Neurological,G43,A neurological condition.,mild
DIS_00144,Encephalitis,Neurological,G44,A neurological condition.,severe
DIS_00145,Huntington's Disease,Neurological,G45,A neurological condition.,life-threatening
DIS_00146,ALS,Neurological,G46,A neurological condition.,moderate
DIS_00147,Guillain-Barre Syndrome,Neurological,G47,A neurological condition.,life-threatening
DIS_00148,Myasthenia Gravis,Neurological,G48,A neurological condition.,life-threatening
DIS_00149,Neuropathy,Neurological,G49,A neurological condition.,severe
DIS_00150,Sciatica,Neurological,G50,A neurological condition.,mild
DIS_00151,Sporadic Stroke refractory,Neurological,G51,A neurological condition.,severe
DIS_00152,Familial Migraine,Neurological,G52,A neurological condition.,mild
DIS_00153,Late-onset Epilepsy in remission,Neurological,G53,A neurological condition.,life-threatening
DIS_00154,Sporadic Guillain-Barre Syndrome recurrent,Neurological,G54,A neurological condition.,life-threatening
DIS_00155,Sporadic Epilepsy in remission,Neurological,G55,A neurological condition.,life-threatening
DIS_00156,Acute Encephalitis,Neurological,G56,A neurological condition.,severe
DIS_00157,Hereditary Encephalitis with cardiomyopathy,Neurological,G57,A neurological condition.,severe
DIS_00158,Idiopathic Epilepsy,Neurological,G58,A neurological condition.,moderate
DIS_00159,Familial Neuropathy,Neurological,G59,A neurological condition.,moderate
DIS_00160,Acute Myasthenia Gravis,Neurological,G60,A neurological condition.,severe
DIS_00161,Secondary Epilepsy with neuropathy,Neurological,G61,A neurological condition.,moderate
DIS_00162,Idiopathic Migraine,Neurological,G62,A neurological condition.,mild
DIS_00163,Primary Neuropathy refractory,Neurological,G63,A neurological condition.,life-threatening
DIS_00164,Secondary Encephalitis with neuropathy,Neurological,G64,A neurological condition.,severe
DIS_00165,Chronic Encephalitis with neuropathy,Neurological,G65,A neurological condition.,mild
DIS_00166,Secondary Epilepsy,Neurological,G66,A neurological condition.,mild
DIS_00167,Chronic Migraine,Neurological,G67,A neurological condition.,mild
DIS_00168,Acute ALS,Neurological,G68,A neurological condition.,moderate
DIS_00169,Late-onset Migraine,Neurological,G69,A neurological condition.,life-threatening
DIS_00170,Idiopathic Myasthenia Gravis with complications,Neurological,G70,A neurological condition.,mild
DIS_00171,Acute Alzheimer's Disease with neuropathy,Neurological,G71,A neurological condition.,moderate
DIS_00172,Chronic Epilepsy refractory,Neurological,G72,A neurological condition.,life-threatening
DIS_00173,Early-onset Epilepsy,Neurological,G73,A neurological condition.,severe
DIS_00174,Idiopathic Epilepsy with hepatic involvement,Neurological,G74,A neurological condition.,moderate
DIS_00175,Idiopathic Huntington's Disease recurrent,Neurological,G75,A neurological condition.,moderate
DIS_00176,Idiopathic Encephalitis with neuropathy,Neurological,G76,A neurological condition.,life-threatening
DIS_00177,Secondary ALS with renal involvement,Neurological,G77,A neurological condition.,severe
DIS_00178,Primary Sciatica,Neurological,G78,A neurological condition.,mild
DIS_00179,Idiopathic Guillain-Barre Syndrome refractory,Neurological,G79,A neurological condition.,life-threatening
DIS_00180,Idiopathic Guillain-Barre Syndrome,Neurological,G80,A neurological condition.,life-threatening
DIS_00181,Secondary Stroke,Neurological,G81,A neurological condition.,mild
DIS_00182,Hereditary Stroke with complications,Neurological,G82,A neurological condition.,severe
DIS_00183,Familial Sciatica,Neurological,G83,A neurological condition.,mild
DIS_00184,Late-onset Epilepsy,Neurological,G84,A neurological condition.,severe
DIS_00185,Early-onset Multiple Sclerosis with hepatic involvement,Neurological,G85,A neurological condition.,severe
DIS_00186,Sporadic ALS,Neurological,G86,A neurological condition.,moderate
DIS_00187,Chronic Epilepsy,Neurological,G87,A neurological condition.,life-threatening
DIS_00188,Secondary Parkinson's Disease,Neurological,G88,A neurological condition.,life-threatening
DIS_00189,Secondary Myasthenia Gravis refractory,Neurological,G89,A neurological condition.,severe
DIS_00190,Late-onset Encephalitis with renal involvement,Neurological,G90,A neurological condition.,moderate
DIS_00191,Sporadic Epilepsy with renal involvement,Neurological,G91,A neurological condition.,moderate
DIS_00192,Secondary Meningitis,Neurological,G92,A neurological condition.,severe
DIS_00193,Idiopathic Encephalitis with hepatic involvement,Neurological,G93,A neurological condition.,life-threatening
DIS_00194,Familial Meningitis,Neurological,G94,A neurological condition.,life-threatening
DIS_00195,Familial Multiple Sclerosis recurrent,Neurological,G95,A neurological condition.,life-threatening
DIS_00196,Primary Neuropathy,Neurological,G96,A neurological condition.,life-threatening
DIS_00197,Hereditary Epilepsy refractory,Neurological,G97,A neurological condition.,moderate
DIS_00198,Late-onset Sciatica with cardiomyopathy,Neurological,G98,A neurological condition.,life-threatening
DIS_00199,Secondary Epilepsy with hepatic involvement,Neurological,G99,A neurological condition.,moderate
DIS_00200,Secondary Guillain-Barre Syndrome with renal involvement,Neurological,G00,A neurological condition.,life-threatening
DIS_00201,Idiopathic Parkinson's Disease in remission,Neurological,G01,A neurological condition.,mild
DIS_00202,Sporadic Epilepsy,Neurological,G02,A neurological condition.,mild
DIS_00203,GERD,Gastrointestinal,K03,A gastrointestinal condition.,mild
DIS_00204,Peptic Ulcer,Gastrointestinal,K04,A gastrointestinal condition.,severe
DIS_00205,Gastritis,Gastrointestinal,K05,A gastrointestinal condition.,mild
DIS_00206,Crohn's Disease,Gastrointestinal,K06,A gastrointestinal condition.,severe
DIS_00207,Ulcerative Colitis,Gastrointestinal,K07,A gastrointestinal condition.,severe
DIS_00208,Irritable Bowel Syndrome,Gastrointestinal,K08,A gastrointestinal condition.,severe
DIS_00209,Celiac Disease,Gastrointestinal,K09,A gastrointestinal condition.,life-threatening
DIS_00210,Diverticulitis,Gastrointestinal,K10,A gastrointestinal condition.,moderate
DIS_00211,Appendicitis,Gastrointestinal,K11,A gastrointestinal condition.,moderate
DIS_00212,Pancreatitis,Gastrointestinal,K12,A gastrointestinal condition.,life-threatening
DIS_00213,Cholecystitis,Gastrointestinal,K13,A gastrointestinal condition.,moderate
DIS_00214,Gallstones,Gastrointestinal,K14,A gastrointestinal condition.,moderate
DIS_00215,Hepatitis,Gastrointestinal,K15,A gastrointestinal condition.,moderate
DIS_00216,Cirrhosis,Gastrointestinal,K16,A gastrointestinal condition.,mild
DIS_00217,Early-onset Pancreatitis recurrent,Gastrointestinal,K17,A gastrointestinal condition.,moderate
DIS_00218,Acute GERD,Gastrointestinal,K18,A gastrointestinal condition.,severe
DIS_00219,Primary Cholecystitis with hepatic involvement,Gastrointestinal,K19,A gastrointestinal condition.,moderate
DIS_00220,Secondary Pancreatitis,Gastrointestinal,K20,A gastrointestinal condition.,severe
DIS_00221,Hereditary Crohn's Disease with hepatic involvement,Gastrointestinal,K21,A gastrointestinal condition.,life-threatening
DIS_00222,Sporadic Irritable Bowel Syndrome,Gastrointestinal,K22,A gastrointestinal condition.,severe
DIS_00223,Idiopathic Celiac Disease,Gastrointestinal,K23,A gastrointestinal condition.,severe
DIS_00224,Primary Gallstones with complications,Gastrointestinal,K24,A gastrointestinal condition.,life-threatening
DIS_00225,Idiopathic Irritable Bowel Syndrome recurrent,Gastrointestinal,K25,A gastrointestinal condition.,moderate
DIS_00226,Acute Cholecystitis refractory,Gastrointestinal,K26,A gastrointestinal condition.,mild
DIS_00227,Idiopathic Gallstones with complications,Gastrointestinal,K27,A gastrointestinal condition.,moderate
DIS_00228,Secondary Gastritis with cardiomyopathy,Gastrointestinal,K28,A gastrointestinal condition.,moderate
DIS_00229,Chronic Ulcerative Colitis with cardiomyopathy,Gastrointestinal,K29,A gastrointestinal condition.,moderate
DIS_00230,Idiopathic Ulcerative Colitis with hepatic involvement,Gastrointestinal,K30,A gastrointestinal condition.,severe
DIS_00231,Secondary GERD,Gastrointestinal,K31,A gastrointestinal condition.,moderate
DIS_00232,Hereditary GERD with cardiomyopathy,Gastrointestinal,K32,A gastrointestinal condition.,life-threatening
DIS_00233,Primary GERD,Gastrointestinal,K33,A gastrointestinal condition.,severe
DIS_00234,Idiopathic GERD with cardiomyopathy,Gastrointestinal,K34,A gastrointestinal condition.,moderate
DIS_00235,Sporadic Appendicitis,Gastrointestinal,K35,A gastrointestinal condition.,severe
DIS_00236,Early-onset GERD,Gastrointestinal,K36,A gastrointestinal condition.,life-threatening
DIS_00237,Idiopathic GERD in remission,Gastrointestinal,K37,A gastrointestinal condition.,mild
DIS_00238,Late-onset Cholecystitis,Gastrointestinal,K38,A gastrointestinal condition.,life-threatening
DIS_00239,Early-onset Cholecystitis refractory,Gastrointestinal,K39,A gastrointestinal condition.,mild
DIS_00240,Sporadic GERD with neuropathy,Gastrointestinal,K40,A gastrointestinal condition.,severe
DIS_00241,Acute Cirrhosis,Gastrointestinal,K41,A gastrointestinal condition.,severe
DIS_00242,Secondary Cholecystitis with cardiomyopathy,Gastrointestinal,K42,A gastrointestinal condition.,severe
DIS_00243,Secondary GERD with hepatic involvement,Gastrointestinal,K43,A gastrointestinal condition.,moderate
DIS_00244,Early-onset Crohn's Disease with complications,Gastrointestinal,K44,A gastrointestinal condition.,moderate
DIS_00245,Early-onset Appendicitis,Gastrointestinal,K45,A gastrointestinal condition.,moderate
DIS_00246,Early-onset Irritable Bowel Syndrome,Gastrointestinal,K46,A gastrointestinal condition.,moderate
DIS_00247,Early-onset Gastritis,Gastrointestinal,K47,A gastrointestinal condition.,moderate
DIS_00248,Late-onset GERD,Gastrointestinal,K48,A gastrointestinal condition.,mild
DIS_00249,Chronic Crohn's Disease,Gastrointestinal,K49,A gastrointestinal condition.,severe
DIS_00250,Hereditary Hepatitis in remission,Gastrointestinal,K50,A gastrointestinal condition.,severe
DIS_00251,Late-onset Pancreatitis with hepatic involvement,Gastrointestinal,K51,A gastrointestinal condition.,mild
DIS_00252,Primary Peptic Ulcer with renal involvement,Gastrointestinal,K52,A gastrointestinal condition.,life-threatening
DIS_00253,Sporadic GERD,Gastrointestinal,K53,A gastrointestinal condition.,moderate
DIS_00254,Late-onset Appendicitis with renal involvement,Gastrointestinal,K54,A gastrointestinal condition.,severe
DIS_00255,Sporadic GERD with renal involvement,Gastrointestinal,K55,A gastrointestinal condition.,mild
DIS_00256,Late-onset Crohn's Disease recurrent,Gastrointestinal,K56,A gastrointestinal condition.,life-threatening
DIS_00257,Familial Peptic Ulcer with renal involvement,Gastrointestinal,K57,A gastrointestinal condition.,severe
DIS_00258,Hereditary GERD,Gastrointestinal,K58,A gastrointestinal condition.,moderate
DIS_00259,Sporadic Peptic Ulcer,Gastrointestinal,K59,A gastrointestinal condition.,life-threatening
DIS_00260,Secondary Appendicitis with cardiomyopathy,Gastrointestinal,K60,A gastrointestinal condition.,mild
DIS_00261,Early-onset Celiac Disease with cardiomyopathy,Gastrointestinal,K61,A gastrointestinal condition.,severe
DIS_00262,Hereditary Pancreatitis with complications,Gastrointestinal,K62,A gastrointestinal condition.,severe
DIS_00263,Familial Gastritis,Gastrointestinal,K63,A gastrointestinal condition.,life-threatening
DIS_00264,Acute Irritable Bowel Syndrome with cardiomyopathy,Gastrointestinal,K64,A gastrointestinal condition.,mild
DIS_00265,Idiopathic Hepatitis with renal involvement,Gastrointestinal,K65,A gastrointestinal condition.,mild
DIS_00266,Early-onset GERD with neuropathy,Gastrointestinal,K66,A gastrointestinal condition.,severe
DIS_00267,Chronic GERD with renal involvement,Gastrointestinal,K67,A gastrointestinal condition.,mild
DIS_00268,Secondary Diverticulitis recurrent,Gastrointestinal,K68,A gastrointestinal condition.,severe
DIS_00269,Chronic Hepatitis,Gastrointestinal,K69,A gastrointestinal condition.,mild
DIS_00270,Type 2 Diabetes,Endocrine,E70,A endocrine condition.,mild
DIS_00271,Type 1 Diabetes,Endocrine,E71,A endocrine condition.,severe
DIS_00272,Gestational Diabetes,Endocrine,E72,A endocrine condition.,life-threatening
DIS_00273,Hypothyroidism,Endocrine,E73,A endocrine condition.,life-threatening
DIS_00274,Hyperthyroidism,Endocrine,E74,A endocrine condition.,life-threatening
DIS_00275,Thyroid Nodules,Endocrine,E75,A endocrine condition.,life-threatening
DIS_00276,Goiter,Endocrine,E76,A endocrine condition.,life-threatening
DIS_00277,Addison's Disease,Endocrine,E77,A endocrine condition.,severe
DIS_00278,Cushing's Syndrome,Endocrine,E78,A endocrine condition.,moderate
DIS_00279,PCOS,Endocrine,E79,A endocrine condition.,mild
DIS_00280,Hyperparathyroidism,Endocrine,E80,A endocrine condition.,severe
DIS_00281,Acromegaly,Endocrine,E81,A endocrine condition.,life-threatening
DIS_00282,Secondary Addison's Disease,Endocrine,E82,A endocrine condition.,severe
DIS_00283,Primary Type 2 Diabetes,Endocrine,E83,A endocrine condition.,mild
DIS_00284,Acute Type 2 Diabetes,Endocrine,E84,A endocrine condition.,moderate
DIS_00285,Idiopathic Type 2 Diabetes,Endocrine,E85,A endocrine condition.,life-threatening
DIS_00286,Hereditary Acromegaly,Endocrine,E86,A endocrine condition.,moderate
DIS_00287,Late-onset Type 2 Diabetes with cardiomyopathy,Endocrine,E87,A endocrine condition.,mild
DIS_00288,Hereditary Thyroid Nodules,Endocrine,E88,A endocrine condition.,life-threatening
DIS_00289,Early-onset Hyperthyroidism,Endocrine,E89,A endocrine condition.,mild
DIS_00290,Hereditary PCOS,Endocrine,E90,A endocrine condition.,life-threatening
DIS_00291,Familial Hypothyroidism,Endocrine,E91,A endocrine condition.,life-threatening
DIS_00292,Early-onset Type 2 Diabetes,Endocrine,E92,A endocrine condition.,severe
DIS_00293,Familial Type 1 Diabetes,Endocrine,E93,A endocrine condition.,mild
DIS_00294,Late-onset Hyperparathyroidism with cardiomyopathy,Endocrine,E94,A endocrine condition.,moderate
DIS_00295,Chronic Type 2 Diabetes in remission,Endocrine,E95,A endocrine condition.,life-threatening
DIS_00296,Sporadic PCOS with hepatic involvement,Endocrine,E96,A endocrine condition.,severe
DIS_00297,Familial Type 2 Diabetes,Endocrine,E97,A endocrine condition.,life-threatening
DIS_00298,Idiopathic Type 1 Diabetes with complications,Endocrine,E98,A endocrine condition.,severe
DIS_00299,Sporadic Type 2 Diabetes,Endocrine,E99,A endocrine condition.,severe
DIS_00300,Secondary Cushing's Syndrome in remission,Endocrine,E00,A endocrine condition.,life-threatening
DIS_00301,Sporadic PCOS with complications,Endocrine,E01,A endocrine condition.,moderate
DIS_00302,Familial Addison's Disease refractory,Endocrine,E02,A endocrine condition.,mild
DIS_00303,Familial Gestational Diabetes in remission,Endocrine,E03,A endocrine condition.,mild
DIS_00304,Acute PCOS with hepatic involvement,Endocrine,E04,A endocrine condition.,moderate
DIS_00305,Hereditary Hyperparathyroidism with complications,Endocrine,E05,A endocrine condition.,severe
DIS_00306,Secondary Goiter,Endocrine,E06,A endocrine condition.,severe
DIS_00307,Idiopathic PCOS refractory,Endocrine,E07,A endocrine condition.,moderate
DIS_00308,Familial Hyperparathyroidism,Endocrine,E08,A endocrine condition.,life-threatening
DIS_00309,Chronic Goiter in remission,Endocrine,E09,A endocrine condition.,severe
DIS_00310,Late-onset Gestational Diabetes,Endocrine,E10,A endocrine condition.,moderate
DIS_00311,Familial Type 2 Diabetes with hepatic involvement,Endocrine,E11,A endocrine condition.,moderate
DIS_00312,Chronic Type 1 Diabetes,Endocrine,E12,A endocrine condition.,mild
DIS_00313,Familial Gestational Diabetes refractory,Endocrine,E13,A endocrine condition.,moderate
DIS_00314,Chronic Type 2 Diabetes refractory,Endocrine,E14,A endocrine condition.,life-threatening
DIS_00315,Familial PCOS recurrent,Endocrine,E15,A endocrine condition.,severe
DIS_00316,Sporadic PCOS recurrent,Endocrine,E16,A endocrine condition.,life-threatening
DIS_00317,Sporadic Goiter with renal involvement,Endocrine,E17,A endocrine condition.,moderate
DIS_00318,Acute Type 2 Diabetes refractory,Endocrine,E18,A endocrine condition.,life-threatening
DIS_00319,Familial Cushing's Syndrome in remission,Endocrine,E19,A endocrine condition.,mild
DIS_00320,Sporadic Type 1 Diabetes refractory,Endocrine,E20,A endocrine condition.,moderate
DIS_00321,Sporadic Goiter with complications,Endocrine,E21,A endocrine condition.,severe
DIS_00322,Acute Acromegaly,Endocrine,E22,A endocrine condition.,severe
DIS_00323,Chronic Type 2 Diabetes,Endocrine,E23,A endocrine condition.,life-threatening
DIS_00324,Chronic Type 2 Diabetes with hepatic involvement,Endocrine,E24,A endocrine condition.,mild
DIS_00325,Primary Cushing's Syndrome,Endocrine,E25,A endocrine condition.,life-threatening
DIS_00326,Secondary Type 2 Diabetes recurrent,Endocrine,E26,A endocrine condition.,moderate
DIS_00327,Hereditary Type 2 Diabetes with hepatic involvement,Endocrine,E27,A endocrine condition.,life-threatening
DIS_00328,Early-onset Hyperthyroidism recurrent,Endocrine,E28,A endocrine condition.,life-threatening
DIS_00329,Primary Gestational Diabetes recurrent,Endocrine,E29,A endocrine condition.,mild
DIS_00330,Late-onset Cushing's Syndrome in remission,Endocrine,E30,A endocrine condition.,mild
DIS_00331,Hereditary Thyroid Nodules with complications,Endocrine,E31,A endocrine condition.,severe
DIS_00332,Acute Acromegaly in remission,Endocrine,E32,A endocrine condition.,severe
DIS_00333,Chronic Hyperparathyroidism,Endocrine,E33,A endocrine condition.,moderate
DIS_00334,Sporadic Gestational Diabetes with hepatic involvement,Endocrine,E34,A endocrine condition.,mild
DIS_00335,HIV/AIDS,Infectious,A35,A infectious condition.,life-threatening
DIS_00336,Influenza,Infectious,A36,A infectious condition.,mild
DIS_00337,COVID-19,Infectious,A37,A infectious condition.,severe
DIS_00338,Hepatitis B,Infectious,A38,A infectious condition.,moderate
DIS_00339,Hepatitis C,Infectious,A39,A infectious condition.,mild
DIS_00340,Malaria,Infectious,A40,A infectious condition.,moderate
DIS_00341,Dengue Fever,Infectious,A41,A infectious condition.,mild
DIS_00342,Typhoid,Infectious,A42,A infectious condition.,severe
DIS_00343,Cholera,Infectious,A43,A infectious condition.,severe
DIS_00344,Tetanus,Infectious,A44,A infectious condition.,life-threatening
DIS_00345,Measles,Infectious,A45,A infectious condition.,life-threatening
DIS_00346,Rubella,Infectious,A46,A infectious condition.,severe
DIS_00347,Mumps,Infectious,A47,A infectious condition.,mild
DIS_00348,Chickenpox,Infectious,A48,A infectious condition.,moderate
DIS_00349,Sepsis,Infectious,A49,A infectious condition.,severe
DIS_00350,Familial Malaria with complications,Infectious,A50,A infectious condition.,severe
DIS_00351,Secondary Rubella with renal involvement,Infectious,A51,A infectious condition.,life-threatening
DIS_00352,Hereditary HIV/AIDS,Infectious,A52,A infectious condition.,life-threatening
DIS_00353,Familial Rubella with neuropathy,Infectious,A53,A infectious condition.,life-threatening
DIS_00354,Secondary COVID-19,Infectious,A54,A infectious condition.,severe
DIS_00355,Familial Hepatitis C,Infectious,A55,A infectious condition.,severe
DIS_00356,Sporadic HIV/AIDS with renal involvement,Infectious,A56,A infectious condition.,life-threatening
DIS_00357,Familial Sepsis,Infectious,A57,A infectious condition.,severe
DIS_00358,Early-onset Mumps with neuropathy,Infectious,A58,A infectious condition.,mild
DIS_00359,Secondary Mumps with renal involvement,Infectious,A59,A infectious condition.,moderate
DIS_00360,Primary Mumps,Infectious,A60,A infectious condition.,life-threatening
DIS_00361,Primary HIV/AIDS,Infectious,A61,A infectious condition.,severe
DIS_00362,Familial Tetanus,Infectious,A62,A infectious condition.,moderate
DIS_00363,Sporadic Influenza with cardiomyopathy,Infectious,A63,A infectious condition.,moderate
DIS_00364,Late-onset Hepatitis C,Infectious,A64,A infectious condition.,moderate
DIS_00365,Secondary HIV/AIDS,Infectious,A65,A infectious condition.,life-threatening
DIS_00366,Late-onset Rubella,Infectious,A66,A infectious condition.,life-threatening
DIS_00367,Acute Typhoid with neuropathy,Infectious,A67,A infectious condition.,moderate
DIS_00368,Chronic Mumps with hepatic involvement,Infectious,A68,A infectious condition.,severe
DIS_00369,Familial Chickenpox with neuropathy,Infectious,A69,A infectious condition.,moderate
DIS_00370,Chronic HIV/AIDS recurrent,Infectious,A70,A infectious condition.,moderate
DIS_00371,Chronic Malaria,Infectious,A71,A infectious condition.,severe
DIS_00372,Sporadic Influenza refractory,Infectious,A72,A infectious condition.,mild
DIS_00373,Idiopathic Typhoid,Infectious,A73,A infectious condition.,life-threatening
DIS_00374,Hereditary HIV/AIDS in remission,Infectious,A74,A infectious condition.,severe
DIS_00375,Secondary Malaria,Infectious,A75,A infectious condition.,moderate
DIS_00376,Late-onset COVID-19 refractory,Infectious,A76,A infectious condition.,life-threatening
DIS_00377,Late-onset Cholera with complications,Infectious,A77,A infectious condition.,moderate
DIS_00378,Idiopathic Rubella,Infectious,A78,A infectious condition.,moderate
DIS_00379,Familial Hepatitis C with neuropathy,Infectious,A79,A infectious condition.,moderate
DIS_00380,Late-onset Tetanus,Infectious,A80,A infectious condition.,mild
DIS_00381,Late-onset HIV/AIDS refractory,Infectious,A81,A infectious condition.,severe
DIS_00382,Early-onset Influenza,Infectious,A82,A infectious condition.,mild
DIS_00383,Early-onset HIV/AIDS,Infectious,A83,A infectious condition.,life-threatening
DIS_00384,Early-onset Cholera with hepatic involvement,Infectious,A84,A infectious condition.,severe
DIS_00385,Idiopathic Measles,Infectious,A85,A infectious condition.,life-threatening
DIS_00386,Idiopathic COVID-19,Infectious,A86,A infectious condition.,life-threatening
DIS_00387,Early-onset Malaria,Infectious,A87,A infectious condition.,severe
DIS_00388,Hereditary Cholera,Infectious,A88,A infectious condition.,mild
DIS_00389,Familial HIV/AIDS,Infectious,A89,A infectious condition.,life-threatening
DIS_00390,Acute HIV/AIDS,Infectious,A90,A infectious condition.,life-threatening
DIS_00391,Early-onset Sepsis,Infectious,A91,A infectious condition.,moderate
DIS_00392,Familial HIV/AIDS with cardiomyopathy,Infectious,A92,A infectious condition.,moderate
DIS_00393,Sporadic Hepatitis C with hepatic involvement,Infectious,A93,A infectious condition.,life-threatening
DIS_00394,Primary Typhoid,Infectious,A94,A infectious condition.,moderate
DIS_00395,Acute HIV/AIDS with complications,Infectious,A95,A infectious condition.,life-threatening
DIS_00396,Early-onset HIV/AIDS with hepatic involvement,Infectious,A96,A infectious condition.,mild
DIS_00397,Secondary Rubella,Infectious,A97,A infectious condition.,severe
DIS_00398,Hereditary Tetanus,Infectious,A98,A infectious condition.,moderate
DIS_00399,Familial Typhoid in remission,Infectious,A99,A infectious condition.,severe
DIS_00400,Early-onset HIV/AIDS in remission,Infectious,A00,A infectious condition.,mild
DIS_00401,Familial Dengue Fever recurrent,Infectious,A01,A infectious condition.,mild
DIS_00402,Sporadic Cholera refractory,Infectious,A02,A infectious condition.,moderate
DIS_00403,Early-onset Cholera with neuropathy,Infectious,A03,A infectious condition.,life-threatening
DIS_00404,Breast Cancer,Oncological,C04,A oncological condition.,severe
DIS_00405,Prostate Cancer,Oncological,C05,A oncological condition.,mild
DIS_00406,Colorectal Cancer,Oncological,C06,A oncological condition.,life-threatening
DIS_00407,Pancreatic Cancer,Oncological,C07,A oncological condition.,severe
DIS_00408,Liver Cancer,Oncological,C08,A oncological condition.,mild
DIS_00409,Stomach Cancer,Oncological,C09,A oncological condition.,life-threatening
DIS_00410,Ovarian Cancer,Oncological,C10,A oncological condition.,severe
DIS_00411,Cervical Cancer,Oncological,C11,A oncological condition.,moderate
DIS_00412,Kidney Cancer,Oncological,C12,A oncological condition.,mild
DIS_00413,Bladder Cancer,Oncological,C13,A oncological condition.,life-threatening
DIS_00414,Thyroid Cancer,Oncological,C14,A oncological condition.,moderate
DIS_00415,Late-onset Breast Cancer with renal involvement,Oncological,C15,A oncological condition.,moderate
DIS_00416,Primary Breast Cancer in remission,Oncological,C16,A oncological condition.,life-threatening
DIS_00417,Familial Colorectal Cancer,Oncological,C17,A oncological condition.,life-threatening
DIS_00418,Late-onset Thyroid Cancer with hepatic involvement,Oncological,C18,A oncological condition.,mild
DIS_00419,Chronic Ovarian Cancer with cardiomyopathy,Oncological,C19,A oncological condition.,life-threatening
DIS_00420,Familial Liver Cancer with hepatic involvement,Oncological,C20,A oncological condition.,severe
DIS_00421,Idiopathic Pancreatic Cancer recurrent,Oncological,C21,A oncological condition.,severe
DIS_00422,Acute Thyroid Cancer with neuropathy,Oncological,C22,A oncological condition.,moderate
DIS_00423,Sporadic Thyroid Cancer,Oncological,C23,A oncological condition.,severe
DIS_00424,Idiopathic Stomach Cancer,Oncological,C24,A oncological condition.,life-threatening
DIS_00425,Familial Breast Cancer refractory,Oncological,C25,A oncological condition.,severe
DIS_00426,Secondary Pancreatic Cancer,Oncological,C26,A oncological condition.,life-threatening
DIS_00427,Acute Cervical Cancer,Oncological,C27,A oncological condition.,severe
DIS_00428,Chronic Colorectal Cancer,Oncological,C28,A oncological condition.,moderate
DIS_00429,Primary Breast Cancer recurrent,Oncological,C29,A oncological condition.,mild
DIS_00430,Hereditary Bladder Cancer,Oncological,C30,A oncological condition.,moderate
DIS_00431,Primary Ovarian Cancer refractory,Oncological,C31,A oncological condition.,life-threatening
DIS_00432,Acute Bladder Cancer with neuropathy,Oncological,C32,A oncological condition.,mild
DIS_00433,Secondary Thyroid Cancer recurrent,Oncological,C33,A oncological condition.,mild
DIS_00434,Chronic Breast Cancer,Oncological,C34,A oncological condition.,life-threatening
DIS_00435,Sporadic Pancreatic Cancer,Oncological,C35,A oncological condition.,mild
DIS_00436,Primary Liver Cancer,Oncological,C36,A oncological condition.,severe
DIS_00437,Sporadic Prostate Cancer with hepatic involvement,Oncological,C37,A oncological condition.,life-threatening
DIS_00438,Idiopathic Breast Cancer,Oncological,C38,A oncological condition.,moderate
DIS_00439,Sporadic Breast Cancer refractory,Oncological,C39,A oncological condition.,severe
DIS_00440,Idiopathic Breast Cancer recurrent,Oncological,C40,A oncological condition.,life-threatening
DIS_00441,Hereditary Lung Cancer in remission,Oncological,C41,A oncological condition.,moderate
DIS_00442,Idiopathic Pancreatic Cancer,Oncological,C42,A oncological condition.,severe
DIS_00443,Idiopathic Breast Cancer with complications,Oncological,C43,A oncological condition.,severe
DIS_00444,Acute Breast Cancer,Oncological,C44,A oncological condition.,severe
DIS_00445,Chronic Thyroid Cancer,Oncological,C45,A oncological condition.,severe
DIS_00446,Secondary Colorectal Cancer with neuropathy,Oncological,C46,A oncological condition.,moderate
DIS_00447,Chronic Kidney Cancer,Oncological,C47,A oncological condition.,severe
DIS_00448,Hereditary Bladder Cancer with hepatic involvement,Oncological,C48,A oncological condition.,moderate
DIS_00449,Acute Cervical Cancer in remission,Oncological,C49,A oncological condition.,severe
DIS_00450,Secondary Breast Cancer in remission,Oncological,C50,A oncological condition.,moderate
DIS_00451,Early-onset Cervical Cancer refractory,Oncological,C51,A oncological condition.,life-threatening
DIS_00452,Secondary Breast Cancer with hepatic involvement,Oncological,C52,A oncological condition.,life-threatening
DIS_00453,Primary Ovarian Cancer,Oncological,C53,A oncological condition.,mild
DIS_00454,Late-onset Thyroid Cancer,Oncological,C54,A oncological condition.,mild
DIS_00455,Hereditary Breast Cancer,Oncological,C55,A oncological condition.,moderate
DIS_00456,Early-onset Thyroid Cancer,Oncological,C56,A oncological condition.,mild
DIS_00457,Late-onset Ovarian Cancer in remission,Oncological,C57,A oncological condition.,mild
DIS_00458,Idiopathic Bladder Cancer,Oncological,C58,A oncological condition.,life-threatening
DIS_00459,Familial Stomach Cancer with renal involvement,Oncological,C59,A oncological condition.,life-threatening
DIS_00460,Secondary Liver Cancer refractory,Oncological,C60,A oncological condition.,mild
DIS_00461,Chronic Thyroid Cancer with renal involvement,Oncological,C61,A oncological condition.,moderate
DIS_00462,Primary Thyroid Cancer with neuropathy,Oncological,C62,A oncological condition.,life-threatening
DIS_00463,Late-onset Breast Cancer,Oncological,C63,A oncological condition.,life-threatening
DIS_00464,Familial Breast Cancer,Oncological,C64,A oncological condition.,mild
DIS_00465,Primary Breast Cancer with renal involvement,Oncological,C65,A oncological condition.,moderate
DIS_00466,Acute Ovarian Cancer,Oncological,C66,A oncological condition.,mild
DIS_00467,Acute Cervical Cancer with renal involvement,Oncological,C67,A oncological condition.,moderate
DIS_00468,Primary Colorectal Cancer,Oncological,C68,A oncological condition.,severe
DIS_00469,Early-onset Breast Cancer with cardiomyopathy,Oncological,C69,A oncological condition.,moderate
DIS_00470,Late-onset Stomach Cancer refractory,Oncological,C70,A oncological condition.,life-threatening
DIS_00471,Primary Liver Cancer with renal involvement,Oncological,C71,A oncological condition.,life-threatening
DIS_00472,Hereditary Cervical Cancer,Oncological,C72,A oncological condition.,life-threatening
DIS_00473,Osteoarthritis,Musculoskeletal,M73,A musculoskeletal condition.,moderate
DIS_00474,Rheumatoid Arthritis,Musculoskeletal,M74,A musculoskeletal condition.,moderate
DIS_00475,Osteoporosis,Musculoskeletal,M75,A musculoskeletal condition.,severe
DIS_00476,Fibromyalgia,Musculoskeletal,M76,A musculoskeletal condition.,moderate
DIS_00477,Gout,Musculoskeletal,M77,A musculoskeletal condition.,life-threatening
DIS_00478,Lupus,Musculoskeletal,M78,A musculoskeletal condition.,mild
DIS_00479,Scleroderma,Musculoskeletal,M79,A musculoskeletal condition.,life-threatening
DIS_00480,Ankylosing Spondylitis,Musculoskeletal,M80,A musculoskeletal condition.,life-threatening
DIS_00481,Carpal Tunnel Syndrome,Musculoskeletal,M81,A musculoskeletal condition.,moderate
DIS_00482,Rotator Cuff Injury,Musculoskeletal,M82,A musculoskeletal condition.,life-threatening
DIS_00483,Herniated Disc,Musculoskeletal,M83,A musculoskeletal condition.,moderate
DIS_00484,Idiopathic Ankylosing Spondylitis,Musculoskeletal,M84,A musculoskeletal condition.,severe
DIS_00485,Secondary Osteoarthritis recurrent,Musculoskeletal,M85,A musculoskeletal condition.,life-threatening
DIS_00486,Early-onset Osteoarthritis in remission,Musculoskeletal,M86,A musculoskeletal condition.,moderate
DIS_00487,Sporadic Gout,Musculoskeletal,M87,A musculoskeletal condition.,mild
DIS_00488,Acute Ankylosing Spondylitis in remission,Musculoskeletal,M88,A musculoskeletal condition.,moderate
DIS_00489,Early-onset Carpal Tunnel Syndrome with renal involvement,Musculoskeletal,M89,A musculoskeletal condition.,severe
DIS_00490,Idiopathic Lupus,Musculoskeletal,M90,A musculoskeletal condition.,severe
DIS_00491,Secondary Lupus with hepatic involvement,Musculoskeletal,M91,A musculoskeletal condition.,moderate
DIS_00492,Familial Osteoarthritis,Musculoskeletal,M92,A musculoskeletal condition.,moderate
DIS_00493,Chronic Rotator Cuff Injury,Musculoskeletal,M93,A musculoskeletal condition.,life-threatening
DIS_00494,Idiopathic Scleroderma,Musculoskeletal,M94,A musculoskeletal condition.,moderate
DIS_00495,Sporadic Osteoarthritis with cardiomyopathy,Musculoskeletal,M95,A musculoskeletal condition.,life-threatening
DIS_00496,Sporadic Lupus,Musculoskeletal,M96,A musculoskeletal condition.,moderate
DIS_00497,Chronic Osteoarthritis with hepatic involvement,Musculoskeletal,M97,A musculoskeletal condition.,mild
DIS_00498,Late-onset Herniated Disc,Musculoskeletal,M98,A musculoskeletal condition.,mild
DIS_00499,Primary Fibromyalgia,Musculoskeletal,M99,A musculoskeletal condition.,mild
DIS_00500,Chronic Lupus,Musculoskeletal,M00,A musculoskeletal condition.,mild
DIS_00501,Early-onset Osteoarthritis with hepatic involvement,Musculoskeletal,M01,A musculoskeletal condition.,mild
DIS_00502,Late-onset Osteoarthritis with complications,Musculoskeletal,M02,A musculoskeletal condition.,severe
DIS_00503,Late-onset Herniated Disc with complications,Musculoskeletal,M03,A musculoskeletal condition.,life-threatening
DIS_00504,Chronic Osteoarthritis,Musculoskeletal,M04,A musculoskeletal condition.,moderate
DIS_00505,Acute Lupus,Musculoskeletal,M05,A musculoskeletal condition.,severe
DIS_00506,Hereditary Ankylosing Spondylitis,Musculoskeletal,M06,A musculoskeletal condition.,moderate
DIS_00507,Acute Rheumatoid Arthritis,Musculoskeletal,M07,A musculoskeletal condition.,mild
DIS_00508,Secondary Ankylosing Spondylitis,Musculoskeletal,M08,A musculoskeletal condition.,mild
DIS_00509,Primary Scleroderma in remission,Musculoskeletal,M09,A musculoskeletal condition.,severe
DIS_00510,Acute Rotator Cuff Injury,Musculoskeletal,M10,A musculoskeletal condition.,life-threatening
DIS_00511,Idiopathic Osteoarthritis,Musculoskeletal,M11,A musculoskeletal condition.,severe
DIS_00512,Chronic Gout with renal involvement,Musculoskeletal,M12,A musculoskeletal condition.,moderate
DIS_00513,Early-onset Scleroderma,Musculoskeletal,M13,A musculoskeletal condition.,severe
DIS_00514,Hereditary Rheumatoid Arthritis refractory,Musculoskeletal,M14,A musculoskeletal condition.,severe
DIS_00515,Primary Osteoarthritis,Musculoskeletal,M15,A musculoskeletal condition.,mild
DIS_00516,Familial Lupus with renal involvement,Musculoskeletal,M16,A musculoskeletal condition.,mild
DIS_00517,Idiopathic Lupus with hepatic involvement,Musculoskeletal,M17,A musculoskeletal condition.,life-threatening
DIS_00518,Hereditary Scleroderma,Musculoskeletal,M18,A musculoskeletal condition.,mild
DIS_00519,Early-onset Osteoarthritis,Musculoskeletal,M19,A musculoskeletal condition.,mild
DIS_00520,Secondary Herniated Disc,Musculoskeletal,M20,A musculoskeletal condition.,moderate
DIS_00521,Hereditary Osteoarthritis,Musculoskeletal,M21,A musculoskeletal condition.,mild
DIS_00522,Idiopathic Rheumatoid Arthritis,Musculoskeletal,M22,A musculoskeletal condition.,moderate
DIS_00523,Secondary Carpal Tunnel Syndrome,Musculoskeletal,M23,A musculoskeletal condition.,life-threatening
DIS_00524,Secondary Rheumatoid Arthritis,Musculoskeletal,M24,A musculoskeletal condition.,severe
DIS_00525,Hereditary Rheumatoid Arthritis,Musculoskeletal,M25,A musculoskeletal condition.,moderate
DIS_00526,Early-onset Osteoarthritis with renal involvement,Musculoskeletal,M26,A musculoskeletal condition.,severe
DIS_00527,Chronic Ankylosing Spondylitis,Musculoskeletal,M27,A musculoskeletal condition.,mild
DIS_00528,Sporadic Osteoporosis recurrent,Musculoskeletal,M28,A musculoskeletal condition.,severe
DIS_00529,Primary Scleroderma with cardiomyopathy,Musculoskeletal,M29,A musculoskeletal condition.,severe
DIS_00530,Sporadic Herniated Disc,Musculoskeletal,M30,A musculoskeletal condition.,moderate
DIS_00531,Idiopathic Fibromyalgia,Musculoskeletal,M31,A musculoskeletal condition.,life-threatening
DIS_00532,Familial Lupus,Musculoskeletal,M32,A musculoskeletal condition.,severe
DIS_00533,Sporadic Gout recurrent,Musculoskeletal,M33,A musculoskeletal condition.,life-threatening
DIS_00534,Familial Rotator Cuff Injury,Musculoskeletal,M34,A musculoskeletal condition.,moderate
DIS_00535,Late-onset Fibromyalgia,Musculoskeletal,M35,A musculoskeletal condition.,life-threatening
DIS_00536,Idiopathic Scleroderma in remission,Musculoskeletal,M36,A musculoskeletal condition.,life-threatening
DIS_00537,Chronic Osteoarthritis recurrent,Musculoskeletal,M37,A musculoskeletal condition.,moderate
DIS_00538,Psoriasis,Dermatological,L38,A dermatological condition.,life-threatening
DIS_00539,Eczema,Dermatological,L39,A dermatological condition.,life-threatening
DIS_00540,Acne,Dermatological,L40,A dermatological condition.,mild
DIS_00541,Rosacea,Dermatological,L41,A dermatological condition.,life-threatening
DIS_00542,Vitiligo,Dermatological,L42,A dermatological condition.,life-threatening
DIS_00543,Urticaria,Dermatological,L43,A dermatological condition.,life-threatening
DIS_00544,Contact Dermatitis,Dermatological,L44,A dermatological condition.,life-threatening
DIS_00545,Seborrheic Dermatitis,Dermatological,L45,A dermatological condition.,mild
DIS_00546,Alopecia Areata,Dermatological,L46,A dermatological condition.,severe
DIS_00547,Lichen Planus,Dermatological,L47,A dermatological condition.,mild
DIS_00548,Herpes Simplex,Dermatological,L48,A dermatological condition.,mild
DIS_00549,Shingles,Dermatological,L49,A dermatological condition.,moderate
DIS_00550,Scabies,Dermatological,L50,A dermatological condition.,severe
DIS_00551,Chronic Herpes Simplex with complications,Dermatological,L51,A dermatological condition.,life-threatening
DIS_00552,Familial Psoriasis with renal involvement,Dermatological,L52,A dermatological condition.,mild
DIS_00553,Idiopathic Alopecia Areata,Dermatological,L53,A dermatological condition.,moderate
DIS_00554,Sporadic Herpes Simplex,Dermatological,L54,A dermatological condition.,moderate
DIS_00555,Familial Psoriasis with hepatic involvement,Dermatological,L55,A dermatological condition.,life-threatening
DIS_00556,Secondary Acne,Dermatological,L56,A dermatological condition.,severe
DIS_00557,Sporadic Psoriasis,Dermatological,L57,A dermatological condition.,life-threatening
DIS_00558,Familial Psoriasis,Dermatological,L58,A dermatological condition.,mild
DIS_00559,Primary Acne in remission,Dermatological,L59,A dermatological condition.,moderate
DIS_00560,Late-onset Psoriasis,Dermatological,L60,A dermatological condition.,life-threatening
DIS_00561,Sporadic Acne,Dermatological,L61,A dermatological condition.,moderate
DIS_00562,Hereditary Rosacea,Dermatological,L62,A dermatological condition.,life-threatening
DIS_00563,Early-onset Psoriasis,Dermatological,L63,A dermatological condition.,moderate
DIS_00564,Acute Scabies,Dermatological,L64,A dermatological condition.,mild
DIS_00565,Early-onset Acne,Dermatological,L65,A dermatological condition.,severe
DIS_00566,Sporadic Lichen Planus with cardiomyopathy,Dermatological,L66,A dermatological condition.,life-threatening
DIS_00567,Early-onset Seborrheic Dermatitis,Dermatological,L67,A dermatological condition.,moderate
DIS_00568,Idiopathic Urticaria in remission,Dermatological,L68,A dermatological condition.,mild
DIS_00569,Acute Psoriasis,Dermatological,L69,A dermatological condition.,moderate
DIS_00570,Late-onset Lichen Planus,Dermatological,L70,A dermatological condition.,life-threatening
DIS_00571,Hereditary Shingles,Dermatological,L71,A dermatological condition.,moderate
DIS_00572,Chronic Psoriasis,Dermatological,L72,A dermatological condition.,severe
DIS_00573,Primary Psoriasis,Dermatological,L73,A dermatological condition.,life-threatening
DIS_00574,Late-onset Seborrheic Dermatitis with hepatic involvement,Dermatological,L74,A dermatological condition.,life-threatening
DIS_00575,Primary Psoriasis recurrent,Dermatological,L75,A dermatological condition.,severe
DIS_00576,Acute Lichen Planus refractory,Dermatological,L76,A dermatological condition.,life-threatening
DIS_00577,Late-onset Psoriasis in remission,Dermatological,L77,A dermatological condition.,severe
DIS_00578,Late-onset Seborrheic Dermatitis with complications,Dermatological,L78,A dermatological condition.,moderate
DIS_00579,Hereditary Scabies,Dermatological,L79,A dermatological condition.,moderate
DIS_00580,Idiopathic Urticaria with complications,Dermatological,L80,A dermatological condition.,mild
DIS_00581,Sporadic Rosacea in remission,Dermatological,L81,A dermatological condition.,moderate
DIS_00582,Early-onset Psoriasis with renal involvement,Dermatological,L82,A dermatological condition.,moderate
DIS_00583,Acute Alopecia Areata with complications,Dermatological,L83,A dermatological condition.,severe
DIS_00584,Early-onset Vitiligo with cardiomyopathy,Dermatological,L84,A dermatological condition.,severe
DIS_00585,Early-onset Herpes Simplex,Dermatological,L85,A dermatological condition.,mild
DIS_00586,Chronic Vitiligo with renal involvement,Dermatological,L86,A dermatological condition.,moderate
DIS_00587,Chronic Rosacea,Dermatological,L87,A dermatological condition.,life-threatening
DIS_00588,Hereditary Psoriasis,Dermatological,L88,A dermatological condition.,mild
DIS_00589,Hereditary Urticaria with neuropathy,Dermatological,L89,A dermatological condition.,life-threatening
DIS_00590,Secondary Shingles with hepatic involvement,Dermatological,L90,A dermatological condition.,severe
DIS_00591,Secondary Psoriasis with renal involvement,Dermatological,L91,A dermatological condition.,life-threatening
DIS_00592,Acute Vitiligo,Dermatological,L92,A dermatological condition.,severe
DIS_00593,Late-onset Herpes Simplex with hepatic involvement,Dermatological,L93,A dermatological condition.,mild
DIS_00594,Primary Seborrheic Dermatitis,Dermatological,L94,A dermatological condition.,mild
DIS_00595,Secondary Psoriasis refractory,Dermatological,L95,A dermatological condition.,life-threatening
DIS_00596,Acute Vitiligo refractory,Dermatological,L96,A dermatological condition.,moderate
DIS_00597,Idiopathic Eczema,Dermatological,L97,A dermatological condition.,severe
DIS_00598,Chronic Shingles,Dermatological,L98,A dermatological condition.,moderate
DIS_00599,Hereditary Psoriasis in remission,Dermatological,L99,A dermatological condition.,life-threatening
DIS_00600,Secondary Psoriasis,Dermatological,L00,A dermatological condition.,life-threatening
DIS_00601,Primary Eczema,Dermatological,L01,A dermatological condition.,life-threatening
DIS_00602,Secondary Psoriasis in remission,Dermatological,L02,A dermatological condition.,severe
DIS_00603,Idiopathic Scabies,Dermatological,L03,A dermatological condition.,moderate
DIS_00604,Chronic Kidney Disease,Renal,N04,A renal condition.,moderate
DIS_00605,Acute Kidney Injury,Renal,N05,A renal condition.,mild
DIS_00606,Kidney Stones,Renal,N06,A renal condition.,mild
DIS_00607,Glomerulonephritis,Renal,N07,A renal condition.,moderate
DIS_00608,Pyelonephritis,Renal,N08,A renal condition.,life-threatening
DIS_00609,Nephrotic Syndrome,Renal,N09,A renal condition.,severe
DIS_00610,Polycystic Kidney Disease,Renal,N10,A renal condition.,moderate
DIS_00611,Chronic Chronic Kidney Disease with hepatic involvement,Renal,N11,A renal condition.,mild
DIS_00612,Chronic Glomerulonephritis with renal involvement,Renal,N12,A renal condition.,severe
DIS_00613,Chronic Acute Kidney Injury,Renal,N13,A renal condition.,severe
DIS_00614,Primary Chronic Kidney Disease with neuropathy,Renal,N14,A renal condition.,moderate
DIS_00615,Hereditary Chronic Kidney Disease,Renal,N15,A renal condition.,moderate
DIS_00616,Sporadic Chronic Kidney Disease,Renal,N16,A renal condition.,mild
DIS_00617,Late-onset Kidney Stones with complications,Renal,N17,A renal condition.,moderate
DIS_00618,Hereditary Nephrotic Syndrome with renal involvement,Renal,N18,A renal condition.,moderate
DIS_00619,Sporadic Chronic Kidney Disease in remission,Renal,N19,A renal condition.,mild
DIS_00620,Primary Chronic Kidney Disease,Renal,N20,A renal condition.,mild
DIS_00621,Hereditary Glomerulonephritis with renal involvement,Renal,N21,A renal condition.,mild
DIS_00622,Late-onset Chronic Kidney Disease refractory,Renal,N22,A renal condition.,severe
DIS_00623,Secondary Acute Kidney Injury recurrent,Renal,N23,A renal condition.,severe
DIS_00624,Hereditary Glomerulonephritis in remission,Renal,N24,A renal condition.,moderate
DIS_00625,Sporadic Nephrotic Syndrome with complications,Renal,N25,A renal condition.,moderate
DIS_00626,Secondary Chronic Kidney Disease,Renal,N26,A renal condition.,mild
DIS_00627,Chronic Pyelonephritis,Renal,N27,A renal condition.,severe
DIS_00628,Chronic Polycystic Kidney Disease,Renal,N28,A renal condition.,severe
DIS_00629,Secondary Glomerulonephritis with complications,Renal,N29,A renal condition.,severe
DIS_00630,Late-onset Pyelonephritis,Renal,N30,A renal condition.,mild
DIS_00631,Sporadic Glomerulonephritis,Renal,N31,A renal condition.,moderate
DIS_00632,Familial Pyelonephritis,Renal,N32,A renal condition.,mild
DIS_00633,Acute Chronic Kidney Disease with complications,Renal,N33,A renal condition.,mild
DIS_00634,Acute Acute Kidney Injury,Renal,N34,A renal condition.,moderate
DIS_00635,Primary Chronic Kidney Disease with renal involvement,Renal,N35,A renal condition.,moderate
DIS_00636,Hereditary Chronic Kidney Disease with cardiomyopathy,Renal,N36,A renal condition.,mild
DIS_00637,Early-onset Chronic Kidney Disease,Renal,N37,A renal condition.,moderate
DIS_00638,Sporadic Pyelonephritis with neuropathy,Renal,N38,A renal condition.,life-threatening
DIS_00639,Idiopathic Pyelonephritis recurrent,Renal,N39,A renal condition.,life-threatening
DIS_00640,Acute Chronic Kidney Disease recurrent,Renal,N40,A renal condition.,life-threatening
DIS_00641,Primary Polycystic Kidney Disease,Renal,N41,A renal condition.,mild
DIS_00642,Familial Polycystic Kidney Disease,Renal,N42,A renal condition.,severe
DIS_00643,Secondary Glomerulonephritis,Renal,N43,A renal condition.,life-threatening
DIS_00644,Primary Chronic Kidney Disease refractory,Renal,N44,A renal condition.,mild
DIS_00645,Acute Kidney Stones with renal involvement,Renal,N45,A renal condition.,life-threatening
DIS_00646,Secondary Glomerulonephritis refractory,Renal,N46,A renal condition.,mild
DIS_00647,Early-onset Acute Kidney Injury with renal involvement,Renal,N47,A renal condition.,moderate
DIS_00648,Idiopathic Polycystic Kidney Disease,Renal,N48,A renal condition.,life-threatening
DIS_00649,Familial Chronic Kidney Disease,Renal,N49,A renal condition.,mild
DIS_00650,Acute Chronic Kidney Disease,Renal,N50,A renal condition.,moderate
DIS_00651,Secondary Glomerulonephritis recurrent,Renal,N51,A renal condition.,severe
DIS_00652,Secondary Kidney Stones,Renal,N52,A renal condition.,mild
DIS_00653,Acute Chronic Kidney Disease with cardiomyopathy,Renal,N53,A renal condition.,moderate
DIS_00654,Idiopathic Chronic Kidney Disease,Renal,N54,A renal condition.,life-threatening
DIS_00655,Sporadic Chronic Kidney Disease recurrent,Renal,N55,A renal condition.,mild
DIS_00656,Chronic Chronic Kidney Disease,Renal,N56,A renal condition.,moderate
DIS_00657,Chronic Nephrotic Syndrome,Renal,N57,A renal condition.,mild
DIS_00658,Early-onset Chronic Kidney Disease in remission,Renal,N58,A renal condition.,mild
DIS_00659,Acute Chronic Kidney Disease with hepatic involvement,Renal,N59,A renal condition.,severe
DIS_00660,Secondary Acute Kidney Injury,Renal,N60,A renal condition.,life-threatening
DIS_00661,Hereditary Glomerulonephritis,Renal,N61,A renal condition.,moderate
DIS_00662,Early-onset Glomerulonephritis recurrent,Renal,N62,A renal condition.,life-threatening
DIS_00663,Late-onset Chronic Kidney Disease,Renal,N63,A renal condition.,life-threatening
DIS_00664,Anemia,Hematological,D64,A hematological condition.,moderate
DIS_00665,Sickle Cell Disease,Hematological,D65,A hematological condition.,life-threatening
DIS_00666,Thalassemia,Hematological,D66,A hematological condition.,moderate
DIS_00667,Hemophilia,Hematological,D67,A hematological condition.,moderate
DIS_00668,Von Willebrand Disease,Hematological,D68,A hematological condition.,mild
DIS_00669,Polycythemia Vera,Hematological,D69,A hematological condition.,life-threatening
DIS_00670,Aplastic Anemia,Hematological,D70,A hematological condition.,severe
DIS_00671,Sporadic Von Willebrand Disease with hepatic involvement,Hematological,D71,A hematological condition.,severe
DIS_00672,Hereditary Anemia,Hematological,D72,A hematological condition.,moderate
DIS_00673,Primary Anemia with neuropathy,Hematological,D73,A hematological condition.,life-threatening
DIS_00674,Late-onset Sickle Cell Disease,Hematological,D74,A hematological condition.,moderate
DIS_00675,Secondary Anemia,Hematological,D75,A hematological condition.,mild
DIS_00676,Acute Aplastic Anemia with renal involvement,Hematological,D76,A hematological condition.,moderate
DIS_00677,Chronic Polycythemia Vera,Hematological,D77,A hematological condition.,severe
DIS_00678,Early-onset Von Willebrand Disease,Hematological,D78,A hematological condition.,moderate
DIS_00679,Early-onset Sickle Cell Disease with hepatic involvement,Hematological,D79,A hematological condition.,life-threatening
DIS_00680,Primary Anemia,Hematological,D80,A hematological condition.,moderate
DIS_00681,Primary Von Willebrand Disease with complications,Hematological,D81,A hematological condition.,moderate
DIS_00682,Chronic Anemia,Hematological,D82,A hematological condition.,severe
DIS_00683,Primary Sickle Cell Disease,Hematological,D83,A hematological condition.,mild
DIS_00684,Late-onset Polycythemia Vera in remission,Hematological,D84,A hematological condition.,life-threatening
DIS_00685,Early-onset Sickle Cell Disease,Hematological,D85,A hematological condition.,moderate
DIS_00686,Hereditary Sickle Cell Disease with hepatic involvement,Hematological,D86,A hematological condition.,severe
DIS_00687,Acute Polycythemia Vera refractory,Hematological,D87,A hematological condition.,severe
DIS_00688,Primary Aplastic Anemia,Hematological,D88,A hematological condition.,moderate
DIS_00689,Early-onset Thalassemia,Hematological,D89,A hematological condition.,mild
DIS_00690,Acute Polycythemia Vera,Hematological,D90,A hematological condition.,mild
DIS_00691,Familial Anemia,Hematological,D91,A hematological condition.,moderate
DIS_00692,Secondary Polycythemia Vera,Hematological,D92,A hematological condition.,mild
DIS_00693,Hereditary Von Willebrand Disease,Hematological,D93,A hematological condition.,life-threatening
DIS_00694,Secondary Anemia recurrent,Hematological,D94,A hematological condition.,mild
DIS_00695,Secondary Sickle Cell Disease,Hematological,D95,A hematological condition.,mild
DIS_00696,Late-onset Von Willebrand Disease in remission,Hematological,D96,A hematological condition.,life-threatening
DIS_00697,Primary Von Willebrand Disease,Hematological,D97,A hematological condition.,life-threatening
DIS_00698,Chronic Sickle Cell Disease,Hematological,D98,A hematological condition.,life-threatening
DIS_00699,Late-onset Thalassemia with neuropathy,Hematological,D99,A hematological condition.,moderate
DIS_00700,Secondary Aplastic Anemia,Hematological,D00,A hematological condition.,life-threatening
DIS_00701,Secondary Von Willebrand Disease,Hematological,D01,A hematological condition.,life-threatening
DIS_00702,Acute Anemia,Hematological,D02,A hematological condition.,severe
DIS_00703,Hereditary Thalassemia,Hematological,D03,A hematological condition.,mild
DIS_00704,Late-onset Hemophilia,Hematological,D04,A hematological condition.,severe
DIS_00705,Sporadic Von Willebrand Disease,Hematological,D05,A hematological condition.,mild
DIS_00706,Chronic Anemia in remission,Hematological,D06,A hematological condition.,severe
DIS_00707,Late-onset Von Willebrand Disease,Hematological,D07,A hematological condition.,life-threatening
DIS_00708,Late-onset Sickle Cell Disease with hepatic involvement,Hematological,D08,A hematological condition.,life-threatening
DIS_00709,Idiopathic Polycythemia Vera,Hematological,D09,A hematological condition.,mild
DIS_00710,Late-onset Anemia refractory,Hematological,D10,A hematological condition.,life-threatening
DIS_00711,Chronic Aplastic Anemia refractory,Hematological,D11,A hematological condition.,moderate
DIS_00712,Hereditary Sickle Cell Disease,Hematological,D12,A hematological condition.,severe
DIS_00713,Familial Anemia in remission,Hematological,D13,A hematological condition.,life-threatening
DIS_00714,Late-onset Anemia,Hematological,D14,A hematological condition.,life-threatening
DIS_00715,Primary Anemia with renal involvement,Hematological,D15,A hematological condition.,moderate
DIS_00716,Chronic Von Willebrand Disease in remission,Hematological,D16,A hematological condition.,mild
DIS_00717,Idiopathic Thalassemia with cardiomyopathy,Hematological,D17,A hematological condition.,life-threatening
DIS_00718,Sporadic Anemia with hepatic involvement,Hematological,D18,A hematological condition.,severe
DIS_00719,Hereditary Polycythemia Vera,Hematological,D19,A hematological condition.,life-threatening
DIS_00720,Primary Polycythemia Vera,Hematological,D20,A hematological condition.,moderate
DIS_00721,Systemic Lupus Erythematosus,Immunological,D21,A immunological condition.,severe
DIS_00722,Sjogren's Syndrome,Immunological,D22,A immunological condition.,severe
DIS_00723,Vasculitis,Immunological,D23,A immunological condition.,severe
DIS_00724,Amyloidosis,Immunological,D24,A immunological condition.,severe
DIS_00725,Sporadic Systemic Lupus Erythematosus in remission,Immunological,D25,A immunological condition.,moderate
DIS_00726,Idiopathic Scleroderma with hepatic involvement,Immunological,D26,A immunological condition.,severe
DIS_00727,Hereditary Rheumatoid Arthritis in remission,Immunological,D27,A immunological condition.,moderate
DIS_00728,Hereditary Vasculitis with cardiomyopathy,Immunological,D28,A immunological condition.,moderate
DIS_00729,Secondary Systemic Lupus Erythematosus,Immunological,D29,A immunological condition.,mild
DIS_00730,Chronic Amyloidosis,Immunological,D30,A immunological condition.,mild
DIS_00731,Familial Sjogren's Syndrome with neuropathy,Immunological,D31,A immunological condition.,life-threatening
DIS_00732,Secondary Vasculitis recurrent,Immunological,D32,A immunological condition.,life-threatening
DIS_00733,Chronic Scleroderma with hepatic involvement,Immunological,D33,A immunological condition.,severe
DIS_00734,Chronic Sarcoidosis with neuropathy,Immunological,D34,A immunological condition.,mild
DIS_00735,Early-onset Sarcoidosis recurrent,Immunological,D35,A immunological condition.,moderate
DIS_00736,Primary Rheumatoid Arthritis,Immunological,D36,A immunological condition.,moderate
DIS_00737,Early-onset Rheumatoid Arthritis recurrent,Immunological,D37,A immunological condition.,severe
DIS_00738,Sporadic Sarcoidosis,Immunological,D38,A immunological condition.,life-threatening
DIS_00739,Early-onset Sarcoidosis,Immunological,D39,A immunological condition.,severe
DIS_00740,Late-onset Rheumatoid Arthritis with neuropathy,Immunological,D40,A immunological condition.,mild
DIS_00741,Familial Sarcoidosis with neuropathy,Immunological,D41,A immunological condition.,severe
DIS_00742,Early-onset Systemic Lupus Erythematosus,Immunological,D42,A immunological condition.,mild
DIS_00743,Sporadic Sjogren's Syndrome with neuropathy,Immunological,D43,A immunological condition.,life-threatening
DIS_00744,Primary Sarcoidosis recurrent,Immunological,D44,A immunological condition.,moderate
DIS_00745,Late-onset Sarcoidosis with hepatic involvement,Immunological,D45,A immunological condition.,severe
DIS_00746,Late-onset Rheumatoid Arthritis,Immunological,D46,A immunological condition.,moderate
DIS_00747,Idiopathic Scleroderma refractory,Immunological,D47,A immunological condition.,mild
DIS_00748,Acute Scleroderma,Immunological,D48,A immunological condition.,life-threatening
DIS_00749,Familial Sjogren's Syndrome,Immunological,D49,A immunological condition.,mild
DIS_00750,Sporadic Vasculitis,Immunological,D50,A immunological condition.,mild
DIS_00751,Sporadic Sjogren's Syndrome in remission,Immunological,D51,A immunological condition.,severe
DIS_00752,Hereditary Systemic Lupus Erythematosus,Immunological,D52,A immunological condition.,moderate
DIS_00753,Familial Systemic Lupus Erythematosus with complications,Immunological,D53,A immunological condition.,moderate
DIS_00754,Early-onset Amyloidosis with hepatic involvement,Immunological,D54,A immunological condition.,mild
DIS_00755,Chronic Sjogren's Syndrome with renal involvement,Immunological,D55,A immunological condition.,life-threatening
DIS_00756,Familial Vasculitis with cardiomyopathy,Immunological,D56,A immunological condition.,moderate
DIS_00757,Primary Rheumatoid Arthritis recurrent,Immunological,D57,A immunological condition.,severe
DIS_00758,Idiopathic Vasculitis,Immunological,D58,A immunological condition.,severe
DIS_00759,Chronic Rheumatoid Arthritis,Immunological,D59,A immunological condition.,severe
DIS_00760,Sporadic Sarcoidosis with cardiomyopathy,Immunological,D60,A immunological condition.,moderate
DIS_00761,Familial Systemic Lupus Erythematosus with hepatic involvement,Immunological,D61,A immunological condition.,moderate
DIS_00762,Late-onset Sarcoidosis,Immunological,D62,A immunological condition.,mild
DIS_00763,Hereditary Vasculitis with neuropathy,Immunological,D63,A immunological condition.,mild
DIS_00764,Early-onset Rheumatoid Arthritis in remission,Immunological,D64,A immunological condition.,mild
DIS_00765,Secondary Vasculitis,Immunological,D65,A immunological condition.,severe
DIS_00766,Sporadic Sarcoidosis recurrent,Immunological,D66,A immunological condition.,mild
DIS_00767,Late-onset Systemic Lupus Erythematosus,Immunological,D67,A immunological condition.,life-threatening
DIS_00768,Secondary Rheumatoid Arthritis in remission,Immunological,D68,A immunological condition.,mild
DIS_00769,Sporadic Rheumatoid Arthritis,Immunological,D69,A immunological condition.,severe
DIS_00770,Late-onset Scleroderma with cardiomyopathy,Immunological,D70,A immunological condition.,moderate
DIS_00771,Cataracts,Ophthalmological,H71,A ophthalmological condition.,mild
DIS_00772,Glaucoma,Ophthalmological,H72,A ophthalmological condition.,life-threatening
DIS_00773,Macular Degeneration,Ophthalmological,H73,A ophthalmological condition.,moderate
DIS_00774,Diabetic Retinopathy,Ophthalmological,H74,A ophthalmological condition.,life-threatening
DIS_00775,Retinal Detachment,Ophthalmological,H75,A ophthalmological condition.,severe
DIS_00776,Conjunctivitis,Ophthalmological,H76,A ophthalmological condition.,moderate
DIS_00777,Uveitis,Ophthalmological,H77,A ophthalmological condition.,mild
DIS_00778,Optic Neuritis,Ophthalmological,H78,A ophthalmological condition.,mild
DIS_00779,Secondary Cataracts with hepatic involvement,Ophthalmological,H79,A ophthalmological condition.,mild
DIS_00780,Late-onset Retinal Detachment,Ophthalmological,H80,A ophthalmological condition.,moderate
DIS_00781,Sporadic Cataracts with neuropathy,Ophthalmological,H81,A ophthalmological condition.,mild
DIS_00782,Secondary Conjunctivitis with complications,Ophthalmological,H82,A ophthalmological condition.,severe
DIS_00783,Hereditary Cataracts in remission,Ophthalmological,H83,A ophthalmological condition.,mild
DIS_00784,Chronic Optic Neuritis refractory,Ophthalmological,H84,A ophthalmological condition.,severe
DIS_00785,Secondary Glaucoma,Ophthalmological,H85,A ophthalmological condition.,life-threatening
DIS_00786,Hereditary Optic Neuritis with neuropathy,Ophthalmological,H86,A ophthalmological condition.,life-threatening
DIS_00787,Chronic Cataracts,Ophthalmological,H87,A ophthalmological condition.,moderate
DIS_00788,Secondary Optic Neuritis,Ophthalmological,H88,A ophthalmological condition.,moderate
DIS_00789,Early-onset Cataracts,Ophthalmological,H89,A ophthalmological condition.,moderate
DIS_00790,Sporadic Optic Neuritis in remission,Ophthalmological,H90,A ophthalmological condition.,mild
DIS_00791,Secondary Diabetic Retinopathy,Ophthalmological,H91,A ophthalmological condition.,severe
DIS_00792,Late-onset Diabetic Retinopathy in remission,Ophthalmological,H92,A ophthalmological condition.,life-threatening
DIS_00793,Familial Cataracts with renal involvement,Ophthalmological,H93,A ophthalmological condition.,mild
DIS_00794,Primary Optic Neuritis refractory,Ophthalmological,H94,A ophthalmological condition.,life-threatening
DIS_00795,Chronic Diabetic Retinopathy,Ophthalmological,H95,A ophthalmological condition.,severe
DIS_00796,Idiopathic Cataracts,Ophthalmological,H96,A ophthalmological condition.,life-threatening
DIS_00797,Hereditary Optic Neuritis in remission,Ophthalmological,H97,A ophthalmological condition.,mild
DIS_00798,Sporadic Cataracts,Ophthalmological,H98,A ophthalmological condition.,life-threatening
DIS_00799,Primary Cataracts,Ophthalmological,H99,A ophthalmological condition.,mild
DIS_00800,Early-onset Diabetic Retinopathy with neuropathy,Ophthalmological,H00,A ophthalmological condition.,life-threatening
DIS_00801,Familial Cataracts,Ophthalmological,H01,A ophthalmological condition.,moderate
DIS_00802,Sporadic Optic Neuritis,Ophthalmological,H02,A ophthalmological condition.,severe
DIS_00803,Sporadic Diabetic Retinopathy,Ophthalmological,H03,A ophthalmological condition.,mild
DIS_00804,Familial Retinal Detachment,Ophthalmological,H04,A ophthalmological condition.,severe
DIS_00805,Secondary Cataracts,Ophthalmological,H05,A ophthalmological condition.,moderate
DIS_00806,Hereditary Diabetic Retinopathy,Ophthalmological,H06,A ophthalmological condition.,mild
DIS_00807,Familial Glaucoma,Ophthalmological,H07,A ophthalmological condition.,life-threatening
DIS_00808,Sporadic Cataracts refractory,Ophthalmological,H08,A ophthalmological condition.,mild
DIS_00809,Late-onset Macular Degeneration with hepatic involvement,Ophthalmological,H09,A ophthalmological condition.,moderate
DIS_00810,Chronic Conjunctivitis,Ophthalmological,H10,A ophthalmological condition.,life-threatening
DIS_00811,Hereditary Cataracts recurrent,Ophthalmological,H11,A ophthalmological condition.,severe
DIS_00812,Hereditary Conjunctivitis with neuropathy,Ophthalmological,H12,A ophthalmological condition.,moderate
DIS_00813,Acute Conjunctivitis,Ophthalmological,H13,A ophthalmological condition.,moderate
DIS_00814,Chronic Conjunctivitis with cardiomyopathy,Ophthalmological,H14,A ophthalmological condition.,life-threatening
DIS_00815,Early-onset Retinal Detachment with renal involvement,Ophthalmological,H15,A ophthalmological condition.,life-threatening
DIS_00816,Primary Cataracts with complications,Ophthalmological,H16,A ophthalmological condition.,mild
DIS_00817,Acute Retinal Detachment,Ophthalmological,H17,A ophthalmological condition.,severe
DIS_00818,Chronic Cataracts with neuropathy,Ophthalmological,H18,A ophthalmological condition.,mild
DIS_00819,Familial Diabetic Retinopathy in remission,Ophthalmological,H19,A ophthalmological condition.,life-threatening
DIS_00820,Acute Cataracts with neuropathy,Ophthalmological,H20,A ophthalmological condition.,life-threatening
DIS_00821,Hereditary Conjunctivitis,Ophthalmological,H21,A ophthalmological condition.,mild
DIS_00822,Primary Optic Neuritis recurrent,Ophthalmological,H22,A ophthalmological condition.,moderate
DIS_00823,Familial Diabetic Retinopathy recurrent,Ophthalmological,H23,A ophthalmological condition.,severe
DIS_00824,Sporadic Macular Degeneration,Ophthalmological,H24,A ophthalmological condition.,moderate
DIS_00825,Late-onset Cataracts,Ophthalmological,H25,A ophthalmological condition.,severe
DIS_00826,Idiopathic Macular Degeneration,Ophthalmological,H26,A ophthalmological condition.,mild
DIS_00827,Chronic Retinal Detachment with complications,Ophthalmological,H27,A ophthalmological condition.,life-threatening
DIS_00828,Early-onset Conjunctivitis in remission,Ophthalmological,H28,A ophthalmological condition.,moderate
DIS_00829,Chronic Uveitis refractory,Ophthalmological,H29,A ophthalmological condition.,mild
DIS_00830,Early-onset Cataracts with complications,Ophthalmological,H30,A ophthalmological condition.,severe
DIS_00831,Primary Glaucoma with cardiomyopathy,Ophthalmological,H31,A ophthalmological condition.,life-threatening
DIS_00832,Idiopathic Cataracts with neuropathy,Ophthalmological,H32,A ophthalmological condition.,severe
DIS_00833,Major Depressive Disorder,Psychiatric,F33,A psychiatric condition.,life-threatening
DIS_00834,Generalized Anxiety Disorder,Psychiatric,F34,A psychiatric condition.,life-threatening
DIS_00835,Panic Disorder,Psychiatric,F35,A psychiatric condition.,mild
DIS_00836,PTSD,Psychiatric,F36,A psychiatric condition.,severe
DIS_00837,OCD,Psychiatric,F37,A psychiatric condition.,moderate
DIS_00838,Bipolar Disorder,Psychiatric,F38,A psychiatric condition.,severe
DIS_00839,Schizophrenia,Psychiatric,F39,A psychiatric condition.,mild
DIS_00840,Borderline Personality Disorder,Psychiatric,F40,A psychiatric condition.,mild
DIS_00841,Anorexia Nervosa,Psychiatric,F41,A psychiatric condition.,moderate
DIS_00842,Bulimia,Psychiatric,F42,A psychiatric condition.,mild
DIS_00843,ADHD,Psychiatric,F43,A psychiatric condition.,mild
DIS_00844,Insomnia,Psychiatric,F44,A psychiatric condition.,moderate
DIS_00845,Acute PTSD with renal involvement,Psychiatric,F45,A psychiatric condition.,life-threatening
DIS_00846,Secondary Major Depressive Disorder refractory,Psychiatric,F46,A psychiatric condition.,severe
DIS_00847,Primary Major Depressive Disorder,Psychiatric,F47,A psychiatric condition.,severe
DIS_00848,Late-onset OCD,Psychiatric,F48,A psychiatric condition.,life-threatening
DIS_00849,Hereditary Bipolar Disorder,Psychiatric,F49,A psychiatric condition.,mild
DIS_00850,Hereditary Bulimia with complications,Psychiatric,F50,A psychiatric condition.,mild
DIS_00851,Early-onset Bipolar Disorder,Psychiatric,F51,A psychiatric condition.,mild
DIS_00852,Idiopathic OCD with neuropathy,Psychiatric,F52,A psychiatric condition.,life-threatening
DIS_00853,Hereditary Borderline Personality Disorder,Psychiatric,F53,A psychiatric condition.,moderate
DIS_00854,Late-onset Anorexia Nervosa,Psychiatric,F54,A psychiatric condition.,severe
DIS_00855,Chronic Insomnia,Psychiatric,F55,A psychiatric condition.,severe
DIS_00856,Primary Major Depressive Disorder refractory,Psychiatric,F56,A psychiatric condition.,mild
DIS_00857,Early-onset Insomnia in remission,Psychiatric,F57,A psychiatric condition.,severe
DIS_00858,Acute Anorexia Nervosa,Psychiatric,F58,A psychiatric condition.,moderate
DIS_00859,Chronic OCD,Psychiatric,F59,A psychiatric condition.,moderate
DIS_00860,Secondary Major Depressive Disorder,Psychiatric,F60,A psychiatric condition.,life-threatening
DIS_00861,Secondary Bipolar Disorder,Psychiatric,F61,A psychiatric condition.,severe
DIS_00862,Chronic Major Depressive Disorder recurrent,Psychiatric,F62,A psychiatric condition.,mild
DIS_00863,Acute Bulimia,Psychiatric,F63,A psychiatric condition.,severe
DIS_00864,Hereditary PTSD,Psychiatric,F64,A psychiatric condition.,life-threatening
DIS_00865,Idiopathic Bipolar Disorder refractory,Psychiatric,F65,A psychiatric condition.,life-threatening
DIS_00866,Sporadic Borderline Personality Disorder,Psychiatric,F66,A psychiatric condition.,mild
DIS_00867,Chronic Panic Disorder in remission,Psychiatric,F67,A psychiatric condition.,moderate
DIS_00868,Idiopathic Major Depressive Disorder in remission,Psychiatric,F68,A psychiatric condition.,mild
DIS_00869,Early-onset Anorexia Nervosa recurrent,Psychiatric,F69,A psychiatric condition.,severe
DIS_00870,Late-onset Panic Disorder with hepatic involvement,Psychiatric,F70,A psychiatric condition.,severe
DIS_00871,Hereditary Insomnia,Psychiatric,F71,A psychiatric condition.,severe
DIS_00872,Chronic Schizophrenia,Psychiatric,F72,A psychiatric condition.,severe
DIS_00873,Late-onset Major Depressive Disorder,Psychiatric,F73,A psychiatric condition.,moderate
DIS_00874,Early-onset Borderline Personality Disorder refractory,Psychiatric,F74,A psychiatric condition.,severe
DIS_00875,Primary Generalized Anxiety Disorder,Psychiatric,F75,A psychiatric condition.,severe
DIS_00876,Familial Anorexia Nervosa,Psychiatric,F76,A psychiatric condition.,severe
DIS_00877,Hereditary Major Depressive Disorder,Psychiatric,F77,A psychiatric condition.,mild
DIS_00878,Familial ADHD,Psychiatric,F78,A psychiatric condition.,severe
DIS_00879,Idiopathic Schizophrenia refractory,Psychiatric,F79,A psychiatric condition.,severe
DIS_00880,Early-onset Schizophrenia in remission,Psychiatric,F80,A psychiatric condition.,moderate
DIS_00881,Late-onset Bipolar Disorder,Psychiatric,F81,A psychiatric condition.,life-threatening
DIS_00882,Sporadic Panic Disorder with complications,Psychiatric,F82,A psychiatric condition.,life-threatening
DIS_00883,Acute Major Depressive Disorder,Psychiatric,F83,A psychiatric condition.,mild
DIS_00884,Acute Generalized Anxiety Disorder,Psychiatric,F84,A psychiatric condition.,life-threatening
DIS_00885,Sporadic ADHD,Psychiatric,F85,A psychiatric condition.,life-threatening
DIS_00886,Early-onset Major Depressive Disorder,Psychiatric,F86,A psychiatric condition.,moderate
DIS_00887,Primary Anorexia Nervosa,Psychiatric,F87,A psychiatric condition.,life-threatening
DIS_00888,Early-onset Insomnia with complications,Psychiatric,F88,A psychiatric condition.,severe
DIS_00889,Secondary Borderline Personality Disorder,Psychiatric,F89,A psychiatric condition.,life-threatening
DIS_00890,Chronic Panic Disorder,Psychiatric,F90,A psychiatric condition.,moderate
DIS_00891,Early-onset Major Depressive Disorder with neuropathy,Psychiatric,F91,A psychiatric condition.,severe
DIS_00892,Sporadic Major Depressive Disorder in remission,Psychiatric,F92,A psychiatric condition.,life-threatening
DIS_00893,Chronic Major Depressive Disorder,Psychiatric,F93,A psychiatric condition.,life-threatening
DIS_00894,Chronic Bulimia refractory,Psychiatric,F94,A psychiatric condition.,mild
DIS_00895,Late-onset Major Depressive Disorder in remission,Psychiatric,F95,A psychiatric condition.,moderate
DIS_00896,Early-onset ADHD with complications,Psychiatric,F96,A psychiatric condition.,life-threatening
DIS_00897,Late-onset Insomnia,Psychiatric,F97,A psychiatric condition.,life-threatening
DIS_00898,Acute Schizophrenia with hepatic involvement,Psychiatric,F98,A psychiatric condition.,severe
DIS_00899,Early-onset OCD in remission,Psychiatric,F99,A psychiatric condition.,life-threatening
DIS_00900,Hepatitis A,Hepatobiliary,K00,A hepatobiliary condition.,moderate
DIS_00901,Fatty Liver Disease,Hepatobiliary,K01,A hepatobiliary condition.,mild
DIS_00902,Alcoholic Liver Disease,Hepatobiliary,K02,A hepatobiliary condition.,severe
DIS_00903,Liver Cirrhosis,Hepatobiliary,K03,A hepatobiliary condition.,life-threatening
DIS_00904,Cholangitis,Hepatobiliary,K04,A hepatobiliary condition.,severe
DIS_00905,Biliary Atresia,Hepatobiliary,K05,A hepatobiliary condition.,moderate
DIS_00906,Primary Hepatitis B with complications,Hepatobiliary,K06,A hepatobiliary condition.,mild
DIS_00907,Hereditary Hepatitis B with cardiomyopathy,Hepatobiliary,K07,A hepatobiliary condition.,moderate
DIS_00908,Hereditary Hepatitis A with neuropathy,Hepatobiliary,K08,A hepatobiliary condition.,life-threatening
DIS_00909,Early-onset Hepatitis A,Hepatobiliary,K09,A hepatobiliary condition.,life-threatening
DIS_00910,Acute Biliary Atresia,Hepatobiliary,K10,A hepatobiliary condition.,moderate
DIS_00911,Familial Hepatitis A with hepatic involvement,Hepatobiliary,K11,A hepatobiliary condition.,severe
DIS_00912,Early-onset Hepatitis C,Hepatobiliary,K12,A hepatobiliary condition.,mild
DIS_00913,Acute Hepatitis C,Hepatobiliary,K13,A hepatobiliary condition.,mild
DIS_00914,Acute Hepatitis A with cardiomyopathy,Hepatobiliary,K14,A hepatobiliary condition.,moderate
DIS_00915,Hereditary Hepatitis C with complications,Hepatobiliary,K15,A hepatobiliary condition.,life-threatening
DIS_00916,Acute Cholangitis,Hepatobiliary,K16,A hepatobiliary condition.,life-threatening
DIS_00917,Early-onset Hepatitis A with neuropathy,Hepatobiliary,K17,A hepatobiliary condition.,moderate
DIS_00918,Sporadic Hepatitis A,Hepatobiliary,K18,A hepatobiliary condition.,severe
DIS_00919,Acute Fatty Liver Disease,Hepatobiliary,K19,A hepatobiliary condition.,moderate
DIS_00920,Primary Hepatitis C,Hepatobiliary,K20,A hepatobiliary condition.,mild
DIS_00921,Idiopathic Cholangitis with cardiomyopathy,Hepatobiliary,K21,A hepatobiliary condition.,moderate
DIS_00922,Late-onset Hepatitis B,Hepatobiliary,K22,A hepatobiliary condition.,severe
DIS_00923,Late-onset Alcoholic Liver Disease with cardiomyopathy,Hepatobiliary,K23,A hepatobiliary condition.,moderate
DIS_00924,Early-onset Hepatitis A with hepatic involvement,Hepatobiliary,K24,A hepatobiliary condition.,severe
DIS_00925,Chronic Hepatitis A,Hepatobiliary,K25,A hepatobiliary condition.,mild
DIS_00926,Late-onset Alcoholic Liver Disease,Hepatobiliary,K26,A hepatobiliary condition.,severe
DIS_00927,Sporadic Liver Cirrhosis with hepatic involvement,Hepatobiliary,K27,A hepatobiliary condition.,life-threatening
DIS_00928,Sporadic Alcoholic Liver Disease with complications,Hepatobiliary,K28,A hepatobiliary condition.,mild
DIS_00929,Hereditary Fatty Liver Disease recurrent,Hepatobiliary,K29,A hepatobiliary condition.,severe
DIS_00930,Hereditary Alcoholic Liver Disease with complications,Hepatobiliary,K30,A hepatobiliary condition.,moderate
DIS_00931,Idiopathic Liver Cirrhosis,Hepatobiliary,K31,A hepatobiliary condition.,mild
DIS_00932,Late-onset Fatty Liver Disease with hepatic involvement,Hepatobiliary,K32,A hepatobiliary condition.,severe
DIS_00933,Chronic Fatty Liver Disease recurrent,Hepatobiliary,K33,A hepatobiliary condition.,moderate
DIS_00934,Acute Hepatitis A recurrent,Hepatobiliary,K34,A hepatobiliary condition.,moderate
DIS_00935,Early-onset Hepatitis B,Hepatobiliary,K35,A hepatobiliary condition.,mild
DIS_00936,Sporadic Liver Cirrhosis with complications,Hepatobiliary,K36,A hepatobiliary condition.,severe
DIS_00937,Sporadic Alcoholic Liver Disease with neuropathy,Hepatobiliary,K37,A hepatobiliary condition.,life-threatening
DIS_00938,Acute Hepatitis A refractory,Hepatobiliary,K38,A hepatobiliary condition.,life-threatening
DIS_00939,Sporadic Cholangitis with complications,Hepatobiliary,K39,A hepatobiliary condition.,moderate
DIS_00940,Sporadic Hepatitis A with hepatic involvement,Hepatobiliary,K40,A hepatobiliary condition.,mild
DIS_00941,Acute Hepatitis A,Hepatobiliary,K41,A hepatobiliary condition.,severe
DIS_00942,Early-onset Fatty Liver Disease refractory,Hepatobiliary,K42,A hepatobiliary condition.,severe
DIS_00943,Sporadic Biliary Atresia with cardiomyopathy,Hepatobiliary,K43,A hepatobiliary condition.,life-threatening
DIS_00944,Acute Liver Cirrhosis,Hepatobiliary,K44,A hepatobiliary condition.,life-threatening
DIS_00945,Idiopathic Fatty Liver Disease,Hepatobiliary,K45,A hepatobiliary condition.,mild
DIS_00946,Idiopathic Fatty Liver Disease with renal involvement,Hepatobiliary,K46,A hepatobiliary condition.,moderate
DIS_00947,Hereditary Liver Cirrhosis,Hepatobiliary,K47,A hepatobiliary condition.,life-threatening
DIS_00948,Idiopathic Hepatitis A,Hepatobiliary,K48,A hepatobiliary condition.,life-threatening
DIS_00949,Secondary Hepatitis A with complications,Hepatobiliary,K49,A hepatobiliary condition.,severe
DIS_00950,Sporadic Liver Cirrhosis in remission,Hepatobiliary,K50,A hepatobiliary condition.,severe
DIS_00951,Familial Alcoholic Liver Disease,Hepatobiliary,K51,A hepatobiliary condition.,severe
DIS_00952,Primary Fatty Liver Disease,Hepatobiliary,K52,A hepatobiliary condition.,moderate
DIS_00953,Idiopathic Biliary Atresia,Hepatobiliary,K53,A hepatobiliary condition.,life-threatening
DIS_00954,Secondary Hepatitis A,Hepatobiliary,K54,A hepatobiliary condition.,moderate
DIS_00955,Chronic Cholangitis with cardiomyopathy,Hepatobiliary,K55,A hepatobiliary condition.,mild
DIS_00956,Familial Cholangitis with neuropathy,Hepatobiliary,K56,A hepatobiliary condition.,severe
DIS_00957,Hereditary Hepatitis C,Hepatobiliary,K57,A hepatobiliary condition.,moderate
DIS_00958,Idiopathic Hepatitis A in remission,Hepatobiliary,K58,A hepatobiliary condition.,life-threatening
DIS_00959,Secondary Biliary Atresia,Hepatobiliary,K59,A hepatobiliary condition.,mild
DIS_00960,Primary Hepatitis A in remission,Hepatobiliary,K60,A hepatobiliary condition.,moderate
DIS_00961,Secondary Fatty Liver Disease with renal involvement,Hepatobiliary,K61,A hepatobiliary condition.,severe
DIS_00962,Thyroiditis,Thyroid,E62,A thyroid condition.,life-threatening
DIS_00963,Graves' Disease,Thyroid,E63,A thyroid condition.,moderate
DIS_00964,Hashimoto's Thyroiditis,Thyroid,E64,A thyroid condition.,moderate
DIS_00965,Late-onset Hypothyroidism with complications,Thyroid,E65,A thyroid condition.,severe
DIS_00966,Familial Thyroid Cancer with hepatic involvement,Thyroid,E66,A thyroid condition.,severe
DIS_00967,Late-onset Graves' Disease,Thyroid,E67,A thyroid condition.,moderate
DIS_00968,Early-onset Graves' Disease with renal involvement,Thyroid,E68,A thyroid condition.,severe
DIS_00969,Secondary Thyroiditis,Thyroid,E69,A thyroid condition.,moderate
DIS_00970,Idiopathic Hashimoto's Thyroiditis,Thyroid,E70,A thyroid condition.,moderate
DIS_00971,Familial Graves' Disease,Thyroid,E71,A thyroid condition.,life-threatening
DIS_00972,Sporadic Hashimoto's Thyroiditis,Thyroid,E72,A thyroid condition.,severe
DIS_00973,Early-onset Hypothyroidism,Thyroid,E73,A thyroid condition.,severe
DIS_00974,Acute Thyroid Nodules,Thyroid,E74,A thyroid condition.,moderate
DIS_00975,Chronic Hyperthyroidism with renal involvement,Thyroid,E75,A thyroid condition.,severe
DIS_00976,Secondary Hypothyroidism,Thyroid,E76,A thyroid condition.,severe
DIS_00977,Idiopathic Hashimoto's Thyroiditis with neuropathy,Thyroid,E77,A thyroid condition.,mild
DIS_00978,Chronic Hypothyroidism,Thyroid,E78,A thyroid condition.,life-threatening
DIS_00979,Early-onset Thyroid Nodules,Thyroid,E79,A thyroid condition.,moderate
DIS_00980,Late-onset Thyroiditis,Thyroid,E80,A thyroid condition.,severe
DIS_00981,Chronic Hypothyroidism with complications,Thyroid,E81,A thyroid condition.,moderate
DIS_00982,Primary Thyroiditis,Thyroid,E82,A thyroid condition.,life-threatening
DIS_00983,Familial Thyroiditis,Thyroid,E83,A thyroid condition.,mild
DIS_00984,Late-onset Hypothyroidism,Thyroid,E84,A thyroid condition.,severe
DIS_00985,Hereditary Graves' Disease in remission,Thyroid,E85,A thyroid condition.,moderate
DIS_00986,Hereditary Hypothyroidism with hepatic involvement,Thyroid,E86,A thyroid condition.,mild
DIS_00987,Acute Thyroid Cancer,Thyroid,E87,A thyroid condition.,moderate
DIS_00988,Sporadic Thyroiditis,Thyroid,E88,A thyroid condition.,moderate
DIS_00989,Primary Hypothyroidism in remission,Thyroid,E89,A thyroid condition.,severe
DIS_00990,Acute Hypothyroidism,Thyroid,E90,A thyroid condition.,moderate
DIS_00991,Chronic Hyperthyroidism in remission,Thyroid,E91,A thyroid condition.,mild
DIS_00992,Primary Hyperthyroidism with hepatic involvement,Thyroid,E92,A thyroid condition.,severe
DIS_00993,Secondary Graves' Disease,Thyroid,E93,A thyroid condition.,severe
DIS_00994,Primary Graves' Disease,Thyroid,E94,A thyroid condition.,mild
DIS_00995,Familial Hypothyroidism with hepatic involvement,Thyroid,E95,A thyroid condition.,life-threatening
DIS_00996,Familial Thyroid Nodules with neuropathy,Thyroid,E96,A thyroid condition.,life-threatening
DIS_00997,Late-onset Hyperthyroidism,Thyroid,E97,A thyroid condition.,moderate
DIS_00998,Early-onset Hypothyroidism refractory,Thyroid,E98,A thyroid condition.,moderate
DIS_00999,Sporadic Hypothyroidism,Thyroid,E99,A thyroid condition.,severe
DIS_01000,Sporadic Thyroid Nodules,Thyroid,E00,A thyroid condition.,moderate
DIS_01001,Primary Hyperthyroidism with cardiomyopathy,Thyroid,E01,A thyroid condition.,severe
DIS_01002,Secondary Hypothyroidism with renal involvement,Thyroid,E02,A thyroid condition.,life-threatening
DIS_01003,Hereditary Hypothyroidism in remission,Thyroid,E03,A thyroid condition.,mild
DIS_01004,Primary Hypothyroidism refractory,Thyroid,E04,A thyroid condition.,mild
DIS_01005,Primary Thyroid Cancer with renal involvement,Thyroid,E05,A thyroid condition.,severe
DIS_01006,Primary Hypothyroidism,Thyroid,E06,A thyroid condition.,mild
DIS_01007,Acute Graves' Disease in remission,Thyroid,E07,A thyroid condition.,mild
DIS_01008,Familial Hashimoto's Thyroiditis with renal involvement,Thyroid,E08,A thyroid condition.,mild
DIS_01009,Secondary Thyroid Cancer in remission,Thyroid,E09,A thyroid condition.,mild
DIS_01010,Late-onset Thyroid Cancer refractory,Thyroid,E10,A thyroid condition.,life-threatening
DIS_01011,Secondary Graves' Disease with cardiomyopathy,Thyroid,E11,A thyroid condition.,life-threatening
DIS_01012,Hereditary Thyroid Cancer refractory,Thyroid,E12,A thyroid condition.,life-threatening
DIS_01013,Familial Thyroid Nodules with cardiomyopathy,Thyroid,E13,A thyroid condition.,life-threatening
